fips,average_20,complete_20,average_48,complete_48,average_50,complete_50,average_75,complete_75
US01001,16,12,20,19,20,19,9,65
US01003,16,12,40,19,40,19,40,65
US01005,2,3,9,12,9,12,23,56
US01007,16,3,20,22,20,22,9,0
US01009,16,14,20,15,20,15,9,73
US01011,2,3,9,12,9,12,23,56
US01013,16,3,20,4,20,0,9,3
US01015,16,14,20,15,20,15,9,73
US01017,4,12,5,19,0,19,16,65
US01019,16,14,20,15,20,15,9,26
US01021,16,12,20,19,20,19,9,65
US01023,2,3,9,4,9,0,23,5
US01025,16,3,20,22,20,22,9,0
US01027,2,3,9,4,9,0,23,3
US01029,16,3,20,4,20,0,9,3
US01031,16,12,40,19,40,19,40,28
US01033,16,14,20,15,20,15,9,73
US01035,16,3,20,4,20,0,9,3
US01037,2,3,9,23,9,23,23,32
US01039,16,3,20,4,20,0,9,3
US01041,2,3,9,22,9,22,23,0
US01043,16,14,20,15,20,15,9,73
US01045,16,12,40,19,40,19,40,28
US01047,16,12,20,19,20,19,9,65
US01049,16,14,20,15,20,15,9,73
US01051,16,12,20,19,20,19,9,65
US01053,16,3,20,4,20,0,9,3
US01055,16,14,20,15,20,15,9,73
US01057,2,3,9,4,9,0,23,3
US01059,16,14,20,15,20,15,9,73
US01061,16,12,40,19,40,19,40,28
US01063,2,3,9,4,9,0,23,3
US01065,16,3,20,22,20,22,9,0
US01067,16,12,40,19,40,19,40,28
US01069,16,12,40,19,40,19,40,28
US01071,16,14,20,15,20,15,9,73
US01073,16,14,20,15,20,15,9,73
US01075,2,3,9,4,9,0,23,3
US01077,16,14,20,15,20,15,9,73
US01079,16,14,20,15,20,15,9,73
US01081,4,12,5,19,0,19,16,65
US01083,16,14,20,15,20,15,9,73
US01085,2,3,9,4,9,0,23,3
US01087,4,12,5,19,0,19,16,65
US01089,16,14,20,15,20,15,9,73
US01091,16,12,20,19,20,19,9,65
US01093,16,14,20,15,20,15,9,73
US01095,16,14,20,15,20,15,9,73
US01097,16,12,40,19,40,19,40,65
US01099,16,3,20,4,20,0,9,3
US01101,16,12,20,19,20,19,9,65
US01103,16,14,20,15,20,15,9,73
US01105,2,3,9,4,9,0,23,5
US01107,2,3,9,22,9,22,23,0
US01109,16,12,40,19,40,19,40,28
US01111,2,3,9,23,9,23,23,32
US01113,4,12,5,39,0,39,16,1
US01115,16,14,20,15,20,15,9,73
US01117,16,14,20,15,20,15,9,73
US01119,2,3,9,4,9,0,23,3
US01121,16,14,20,15,20,15,9,73
US01123,2,3,9,23,9,23,23,32
US01125,16,14,20,15,20,15,9,73
US01127,16,14,20,15,20,15,9,73
US01129,2,3,9,4,9,0,23,5
US01131,2,3,9,4,9,0,23,3
US01133,16,14,20,15,20,15,9,73
US04001,7,2,15,25,15,25,0,25
US04003,7,2,15,21,15,21,0,4
US04005,7,5,15,37,15,37,0,69
US04007,7,5,15,37,15,37,0,69
US04009,2,2,9,21,9,21,61,4
US04011,2,2,9,21,9,21,61,4
US04012,7,5,15,37,15,37,0,69
US04013,7,5,15,37,15,37,0,69
US04015,7,5,15,37,15,37,0,69
US04017,7,2,15,25,15,25,0,25
US04019,7,2,15,21,15,21,0,4
US04021,7,5,15,37,15,37,0,69
US04023,7,2,15,21,15,21,0,4
US04025,7,5,15,37,15,37,0,69
US04027,7,5,15,37,15,37,0,69
US05001,8,3,4,4,4,0,37,3
US05003,2,3,9,4,9,0,70,5
US05005,2,3,9,40,9,40,23,67
US05007,8,10,4,9,4,1,53,2
US05009,8,10,4,9,4,1,53,2
US05011,2,3,9,22,9,22,70,0
US05013,2,3,9,22,9,22,23,0
US05015,8,10,4,9,4,1,53,2
US05017,2,3,9,4,9,0,70,3
US05019,8,10,4,9,4,1,37,51
US05021,8,3,4,4,4,0,37,5
US05023,8,10,4,9,4,1,37,51
US05025,2,3,9,22,9,22,23,0
US05027,8,3,4,4,4,0,37,5
US05029,8,10,4,9,4,1,37,51
US05031,8,10,4,9,4,1,37,51
US05033,8,10,4,9,4,1,37,51
US05035,6,1,34,6,34,6,69,47
US05037,8,10,4,9,4,1,37,51
US05039,8,10,4,9,4,1,37,51
US05041,2,3,9,4,9,0,70,3
US05043,2,3,9,4,9,0,70,5
US05045,8,10,4,9,4,1,37,51
US05047,8,10,4,9,4,1,37,51
US05049,2,3,9,40,9,40,23,67
US05051,8,10,4,9,4,1,37,51
US05053,8,10,4,9,4,1,37,51
US05055,8,10,4,9,4,1,37,51
US05057,2,3,9,23,9,23,15,15
US05059,8,10,4,9,4,1,37,51
US05061,2,3,9,4,9,0,15,3
US05063,8,3,4,4,4,0,37,5
US05065,2,3,9,40,9,40,23,67
US05067,8,3,4,4,4,0,37,5
US05069,2,10,9,9,9,1,70,51
US05071,8,10,4,9,4,1,37,51
US05073,2,3,9,4,9,0,23,5
US05075,8,3,4,4,4,0,37,5
US05077,8,3,4,4,4,0,37,3
US05079,2,3,9,4,9,0,23,5
US05081,2,3,9,4,9,0,15,3
US05083,8,10,4,9,4,1,37,51
US05085,8,10,4,9,4,1,37,51
US05087,8,10,4,9,4,1,53,2
US05089,2,3,9,40,9,40,23,67
US05091,2,3,9,23,9,23,15,15
US05093,8,10,4,9,4,1,37,51
US05095,8,3,4,4,4,0,37,3
US05097,2,3,9,4,9,0,23,3
US05099,2,3,9,23,9,23,15,15
US05101,8,10,4,9,4,1,53,2
US05103,8,3,4,4,4,0,37,5
US05105,2,3,9,4,9,0,23,5
US05107,8,3,4,4,4,0,37,3
US05109,2,3,9,4,9,0,23,3
US05111,8,10,4,9,4,1,37,51
US05113,8,10,4,9,4,1,37,51
US05115,8,10,4,9,4,1,37,51
US05117,8,3,4,4,4,0,37,3
US05119,8,10,4,9,4,1,37,51
US05121,8,3,4,4,4,0,37,5
US05123,8,10,4,9,4,1,37,51
US05125,8,10,4,9,4,1,37,51
US05127,8,10,4,9,4,1,37,51
US05129,2,3,9,40,9,40,23,67
US05131,8,10,4,9,4,1,37,51
US05133,2,3,9,4,9,0,15,3
US05135,2,3,9,40,9,40,23,67
US05137,2,3,9,4,9,0,23,5
US05139,8,3,4,4,4,0,37,5
US05141,2,10,9,9,9,1,23,51
US05143,8,10,4,9,4,1,53,2
US05145,8,10,4,9,4,1,37,51
US05147,2,3,9,4,9,0,23,3
US05149,8,10,4,9,4,1,37,51
US06001,17,5,17,27,17,27,54,27
US06003,17,5,17,37,17,37,54,13
US06005,17,5,17,37,17,37,54,13
US06007,17,5,17,27,17,27,54,27
US06009,17,5,17,37,17,37,54,13
US06011,17,5,17,27,17,27,54,27
US06013,17,5,17,27,17,27,54,27
US06015,3,17,26,35,12,35,12,35
US06017,17,5,17,37,17,37,54,13
US06019,17,5,17,27,17,27,54,27
US06021,17,5,17,27,17,27,54,27
US06023,17,5,17,27,17,27,54,27
US06025,7,5,15,37,15,37,0,69
US06027,17,5,17,37,17,37,54,13
US06029,17,5,17,27,17,27,54,27
US06031,17,5,17,27,17,27,54,27
US06033,17,5,17,27,17,27,54,27
US06035,17,5,17,37,17,37,60,13
US06037,17,5,17,37,17,37,54,69
US06039,17,5,17,27,17,27,54,27
US06041,17,5,17,27,17,27,54,27
US06043,17,5,17,37,17,37,54,13
US06045,17,5,17,27,17,27,54,27
US06047,17,5,17,27,17,27,54,27
US06049,2,3,9,4,9,0,23,5
US06051,17,5,17,37,17,37,54,13
US06053,17,5,17,27,17,27,54,27
US06055,17,5,17,27,17,27,54,27
US06057,17,5,17,27,17,27,54,27
US06059,17,5,17,37,17,37,54,69
US06061,17,5,17,27,17,27,54,27
US06063,17,5,17,37,17,37,60,13
US06065,17,5,17,37,17,37,54,69
US06067,17,5,17,27,17,27,54,27
US06069,17,5,17,27,17,27,54,27
US06071,17,5,17,37,17,37,54,69
US06073,17,5,17,37,17,37,54,69
US06075,17,5,17,27,17,27,54,27
US06077,17,5,17,27,17,27,54,27
US06079,17,5,17,27,17,27,54,27
US06081,17,5,17,27,17,27,54,27
US06083,17,5,17,37,17,37,54,69
US06085,17,5,17,27,17,27,54,27
US06087,17,5,17,27,17,27,54,27
US06089,17,5,17,27,17,27,54,27
US06091,17,5,17,37,17,37,60,13
US06093,17,5,17,27,17,27,54,27
US06095,17,5,17,27,17,27,54,27
US06097,17,5,17,27,17,27,54,27
US06099,17,5,17,27,17,27,54,27
US06101,17,5,17,27,17,27,54,27
US06103,17,5,17,27,17,27,54,27
US06105,2,3,9,4,9,0,23,3
US06107,17,5,17,27,17,27,54,27
US06109,17,5,17,37,17,37,54,13
US06111,17,5,17,37,17,37,54,69
US06113,17,5,17,27,17,27,54,27
US06115,17,5,17,27,17,27,54,27
US08001,7,13,33,31,33,31,68,64
US08003,7,2,33,21,33,21,68,4
US08005,7,13,33,31,33,31,68,64
US08007,7,2,33,21,33,21,68,4
US08009,2,3,9,22,9,22,23,0
US08011,2,3,9,4,9,0,61,3
US08013,7,13,33,31,33,31,68,64
US08014,7,13,33,31,33,31,68,64
US08015,7,13,33,31,33,31,68,64
US08017,2,3,9,22,9,22,23,0
US08019,7,13,33,31,33,31,68,64
US08021,2,3,9,22,9,22,23,0
US08023,7,2,33,21,33,21,68,4
US08025,2,3,9,4,9,0,23,5
US08027,2,3,9,4,9,0,23,3
US08029,7,3,33,22,33,22,68,0
US08031,7,13,33,31,33,31,68,64
US08033,2,3,9,22,9,22,23,0
US08035,7,13,33,31,33,31,68,64
US08037,7,13,33,31,33,31,68,64
US08039,2,3,9,4,9,0,23,5
US08041,7,13,33,31,33,31,68,64
US08043,7,3,33,4,33,0,68,3
US08045,7,13,33,31,33,31,68,64
US08047,7,13,33,31,33,31,68,64
US08049,7,13,33,31,33,31,68,64
US08051,7,2,33,21,33,21,68,4
US08053,2,2,9,21,9,21,23,4
US08055,7,2,33,21,33,21,68,4
US08057,7,3,33,4,33,0,68,5
US08059,7,13,33,31,33,31,68,64
US08061,2,3,9,22,9,22,23,0
US08063,9,3,31,4,31,0,3,5
US08065,7,13,33,31,33,31,68,64
US08067,7,2,33,21,33,21,68,4
US08069,7,13,33,31,33,31,68,64
US08071,2,3,9,23,9,23,23,15
US08073,2,3,9,4,9,0,23,5
US08075,0,3,13,4,13,0,13,3
US08077,7,13,33,31,33,31,68,64
US08079,7,2,33,21,33,21,68,4
US08081,7,3,33,12,33,12,68,18
US08083,7,2,15,25,15,25,0,25
US08085,7,3,33,22,33,22,68,0
US08087,0,3,13,4,13,0,13,3
US08089,2,3,9,4,9,0,61,3
US08091,7,3,33,22,33,22,68,0
US08093,7,13,33,31,33,31,68,64
US08095,2,3,9,4,9,0,23,3
US08097,7,13,33,31,33,31,68,64
US08099,2,3,9,22,9,22,23,0
US08101,7,13,33,31,33,31,68,64
US08103,2,3,9,4,9,0,23,3
US08105,7,2,33,21,33,21,68,4
US08107,7,3,33,12,33,12,68,18
US08109,7,2,33,21,33,21,68,4
US08111,7,2,33,21,33,21,68,4
US08113,7,3,33,22,33,22,68,0
US08115,2,3,9,4,9,0,23,5
US08117,7,13,33,31,33,31,68,64
US08119,7,13,33,31,33,31,68,64
US08121,2,3,9,4,9,0,23,3
US08123,7,13,33,31,33,31,68,64
US08125,2,3,9,4,9,0,23,3
US09001,1,19,22,42,22,42,47,42
US09003,1,19,22,42,22,42,47,42
US09005,1,19,22,42,22,42,47,42
US09007,1,19,22,42,22,42,47,42
US09009,1,19,22,42,22,42,47,42
US09011,1,19,22,42,22,42,47,42
US09013,1,19,22,42,22,42,47,42
US09015,1,19,22,42,22,42,47,42
US10001,15,9,12,38,5,38,59,38
US10003,15,9,12,38,5,38,59,38
US10005,15,9,12,38,5,38,59,38
US11001,15,9,12,47,5,47,59,7
US12001,12,16,25,3,25,3,25,40
US12003,12,16,25,3,25,3,25,40
US12005,16,12,40,19,40,19,40,28
US12007,12,16,25,3,25,3,25,40
US12009,12,16,25,3,25,3,25,58
US12011,12,16,25,3,25,3,25,58
US12013,2,3,9,23,9,23,23,15
US12015,12,16,25,3,25,3,25,58
US12017,12,16,25,3,25,3,25,58
US12019,12,16,25,3,25,3,25,40
US12021,12,16,25,3,25,3,25,58
US12023,12,16,25,3,25,3,25,40
US12027,2,16,3,3,3,3,52,58
US12029,2,3,9,22,9,22,23,0
US12031,12,16,25,3,25,3,25,40
US12033,16,12,40,19,40,19,40,65
US12035,12,16,25,3,25,3,25,40
US12037,16,3,40,22,40,22,40,0
US12039,16,12,40,19,40,19,40,28
US12041,12,3,25,4,25,0,25,5
US12043,12,16,25,3,25,3,25,58
US12045,16,3,40,22,40,22,40,0
US12047,2,3,42,18,42,18,42,62
US12049,2,3,3,4,3,0,52,5
US12051,12,16,25,3,25,3,25,58
US12053,12,16,25,3,25,3,25,58
US12055,2,3,3,4,3,0,52,5
US12057,12,16,25,3,25,3,25,58
US12059,16,12,40,19,40,19,40,28
US12061,12,16,25,3,25,3,25,58
US12063,16,12,40,19,40,19,40,28
US12065,16,12,40,19,40,19,40,28
US12067,2,3,42,18,42,18,42,62
US12069,12,16,25,3,25,3,25,58
US12071,12,16,25,3,25,3,25,58
US12073,16,12,40,19,40,19,40,28
US12075,12,3,25,4,25,0,25,5
US12077,2,3,9,23,9,23,23,15
US12079,2,3,9,4,9,0,23,5
US12081,12,16,25,3,25,3,25,58
US12083,12,16,25,3,25,3,25,58
US12085,12,16,25,3,25,3,25,58
US12086,12,16,25,3,25,3,25,58
US12087,12,16,25,3,25,3,25,58
US12089,4,7,10,26,10,26,50,12
US12091,16,12,40,19,40,19,40,65
US12093,12,16,25,3,25,3,25,58
US12095,12,16,25,3,25,3,25,58
US12097,12,16,25,3,25,3,25,58
US12099,12,16,25,3,25,3,25,58
US12101,12,16,25,3,25,3,25,58
US12103,12,16,25,3,25,3,25,58
US12105,12,16,25,3,25,3,25,58
US12107,12,16,25,3,25,3,25,40
US12109,12,16,25,3,25,3,25,40
US12111,12,16,25,3,25,3,25,58
US12113,16,12,40,19,40,19,40,65
US12115,12,16,25,3,25,3,25,58
US12117,12,16,25,3,25,3,25,58
US12119,12,16,25,3,25,3,25,58
US12121,2,3,42,18,42,18,42,62
US12123,2,3,9,22,9,22,23,0
US12125,12,16,25,3,25,3,25,40
US12127,12,16,25,3,25,3,25,58
US12129,16,12,40,19,40,19,40,28
US12131,16,12,40,19,40,19,40,65
US12133,16,12,40,19,40,19,40,28
US13001,2,3,9,4,9,0,23,3
US13003,2,3,9,40,9,40,23,67
US13005,2,3,9,4,9,0,23,3
US13007,2,15,9,32,9,32,23,66
US13009,4,12,5,39,0,39,5,1
US13011,4,3,5,40,0,40,5,67
US13013,4,12,5,39,0,39,5,1
US13015,4,14,5,15,0,15,5,26
US13017,2,3,9,40,9,40,23,67
US13019,2,16,9,3,9,3,23,40
US13021,4,12,5,39,0,39,24,1
US13023,2,3,9,22,9,22,23,0
US13025,2,3,9,40,9,40,23,67
US13027,2,3,9,4,9,0,23,5
US13029,4,7,10,26,10,26,50,12
US13031,4,15,10,32,10,32,50,66
US13033,4,3,10,22,10,22,58,0
US13035,4,12,5,39,0,39,5,1
US13037,2,3,9,23,9,23,15,15
US13039,4,7,10,26,10,26,50,12
US13043,4,15,10,32,10,32,50,66
US13045,4,12,5,39,0,39,5,1
US13047,4,14,5,15,0,15,5,26
US13049,2,2,9,21,9,21,23,4
US13051,4,7,10,26,10,26,50,12
US13053,4,12,5,39,0,39,16,1
US13055,4,14,5,15,0,15,5,26
US13057,4,12,5,39,0,39,5,1
US13059,4,12,5,39,0,39,5,1
US13061,2,15,9,32,9,32,23,66
US13063,4,12,5,39,0,39,5,1
US13065,2,3,9,4,9,0,23,5
US13067,4,12,5,39,0,39,5,1
US13069,2,3,9,4,9,0,23,3
US13071,4,3,5,4,0,0,24,3
US13073,4,7,10,26,10,26,58,12
US13075,4,16,5,3,0,3,24,40
US13077,4,12,5,39,0,39,5,1
US13079,4,12,5,39,0,39,5,1
US13081,4,12,5,39,0,39,24,1
US13083,4,14,5,15,0,15,5,26
US13085,4,12,5,39,0,39,5,1
US13087,2,3,9,23,9,23,15,15
US13089,4,12,5,39,0,39,5,1
US13091,2,3,9,22,9,22,23,0
US13093,4,12,5,39,0,39,24,1
US13095,4,12,5,39,0,39,24,1
US13097,4,12,5,39,0,39,5,1
US13099,2,3,9,23,9,23,15,15
US13101,2,3,9,4,9,0,23,3
US13103,4,7,10,26,10,26,50,12
US13105,4,3,5,18,0,18,5,62
US13107,2,3,9,4,9,0,23,50
US13109,4,15,10,32,10,32,50,66
US13111,4,12,5,39,0,39,5,1
US13113,4,12,5,39,0,39,5,1
US13115,4,14,5,15,0,15,5,26
US13117,4,12,5,39,0,39,5,1
US13119,4,3,5,18,0,18,5,62
US13121,4,12,5,39,0,39,5,1
US13123,4,12,5,39,0,39,5,1
US13125,4,3,10,22,10,22,58,0
US13127,4,7,10,26,10,26,50,12
US13129,4,14,5,15,0,15,5,26
US13131,4,3,5,4,0,0,24,3
US13133,4,12,5,39,0,39,5,1
US13135,4,12,5,39,0,39,5,1
US13137,4,3,5,40,0,40,5,67
US13139,4,12,5,39,0,39,5,1
US13141,4,12,5,39,0,39,5,1
US13143,4,3,5,4,0,0,5,5
US13145,4,12,5,39,0,39,16,1
US13147,4,3,5,18,0,18,5,62
US13149,4,3,5,4,0,0,5,5
US13151,4,12,5,39,0,39,5,1
US13153,4,12,5,39,0,39,24,1
US13155,2,3,9,40,9,40,23,67
US13157,4,12,5,39,0,39,5,1
US13159,4,12,5,39,0,39,5,1
US13161,2,3,9,4,9,0,23,3
US13163,4,3,10,22,10,22,58,0
US13165,4,3,10,22,10,22,58,0
US13167,2,3,9,4,9,0,23,50
US13169,4,1,5,6,0,6,5,63
US13171,4,15,5,32,0,32,24,66
US13173,2,3,9,4,9,0,23,5
US13175,2,3,9,4,9,0,23,50
US13177,4,12,5,39,0,39,24,1
US13179,4,15,10,32,10,32,50,66
US13181,4,3,10,22,10,22,58,0
US13183,2,15,9,32,9,32,23,66
US13185,4,16,5,3,0,3,24,40
US13187,4,12,5,39,0,39,5,1
US13189,4,3,10,22,10,22,58,0
US13191,4,7,10,26,10,26,50,12
US13193,4,3,5,4,0,0,24,5
US13195,4,12,5,39,0,39,5,1
US13197,2,3,9,4,9,0,23,5
US13199,2,15,9,32,9,32,23,66
US13201,2,3,9,23,9,23,15,15
US13205,4,3,5,4,0,0,24,3
US13207,4,12,5,39,0,39,24,1
US13209,2,3,9,4,9,0,23,3
US13211,4,12,5,39,0,39,5,1
US13213,4,14,5,15,0,15,5,26
US13215,4,12,5,39,0,39,16,1
US13217,4,12,5,39,0,39,5,1
US13219,4,12,5,39,0,39,5,1
US13221,4,12,5,39,0,39,5,1
US13223,4,12,5,39,0,39,5,1
US13225,4,12,5,39,0,39,24,1
US13227,4,12,5,39,0,39,5,1
US13229,2,2,9,21,9,21,23,4
US13231,4,3,5,4,0,0,24,5
US13233,4,14,5,15,0,15,5,26
US13235,2,3,9,22,9,22,23,0
US13237,4,12,5,39,0,39,5,1
US13239,2,3,9,12,9,12,23,56
US13241,4,3,5,4,0,0,5,3
US13243,2,3,9,12,9,12,23,56
US13245,4,7,10,26,10,26,58,12
US13247,4,12,5,39,0,39,5,1
US13249,2,3,9,22,9,22,23,0
US13251,4,3,10,22,10,22,58,0
US13253,2,3,9,23,9,23,15,15
US13255,4,15,5,32,0,32,24,66
US13257,4,3,5,40,0,40,5,67
US13259,4,12,5,39,0,39,16,1
US13261,4,3,5,4,0,0,24,5
US13263,4,12,5,39,0,39,16,1
US13265,2,3,9,22,9,22,23,0
US13267,4,15,10,32,10,32,50,66
US13269,2,3,9,4,9,0,23,5
US13271,2,3,9,4,9,0,23,3
US13273,4,12,5,39,0,39,24,1
US13275,4,3,5,4,0,0,24,3
US13277,4,12,5,39,0,39,24,1
US13279,2,3,9,4,9,0,23,50
US13281,4,3,5,4,0,0,5,3
US13283,2,3,9,4,9,0,23,50
US13285,4,12,5,19,0,19,16,65
US13287,4,12,5,39,0,39,24,1
US13289,2,3,9,4,9,0,23,5
US13291,4,12,5,39,0,39,5,1
US13293,4,15,5,32,0,32,24,66
US13295,4,14,5,15,0,15,5,26
US13297,4,12,5,39,0,39,5,1
US13299,2,2,9,21,9,21,23,4
US13301,4,3,10,22,10,22,58,0
US13303,2,12,9,39,9,39,23,1
US13305,2,15,9,32,9,32,23,66
US13307,2,3,9,4,9,0,23,5
US13309,2,3,9,4,9,0,23,3
US13311,4,12,5,39,0,39,5,1
US13313,4,14,5,15,0,15,5,26
US13315,2,3,9,22,9,22,23,0
US13317,2,3,9,22,9,22,23,0
US13319,2,3,9,22,9,22,23,0
US13321,4,12,5,39,0,39,24,1
US16001,3,13,23,5,23,5,29,21
US16003,2,3,9,4,9,0,23,5
US16005,3,3,23,18,23,18,29,23
US16007,2,3,9,4,9,0,23,5
US16009,2,3,9,4,9,0,23,5
US16011,3,3,23,18,23,18,29,23
US16013,3,3,23,4,23,0,29,3
US16015,3,13,23,5,23,5,29,21
US16017,3,17,26,35,12,35,12,35
US16019,3,3,23,18,23,18,29,23
US16021,3,17,26,35,12,35,12,35
US16023,2,3,9,4,9,0,23,3
US16025,2,3,9,22,9,22,23,0
US16027,3,13,23,5,23,5,29,21
US16029,2,3,9,22,9,22,23,0
US16031,3,3,23,4,23,0,29,5
US16033,2,3,9,4,9,0,23,3
US16035,3,3,26,23,12,23,12,32
US16037,3,3,23,4,23,0,29,3
US16039,3,13,23,5,23,5,29,21
US16041,2,3,9,4,9,0,23,5
US16043,3,3,23,18,23,18,29,23
US16045,3,13,23,5,23,5,29,21
US16047,3,3,23,4,23,0,29,5
US16049,2,3,9,4,9,0,23,5
US16051,3,3,23,18,23,18,29,23
US16053,3,3,23,4,23,0,29,5
US16055,3,17,26,35,12,35,12,35
US16057,3,17,26,35,12,35,12,35
US16059,3,13,23,5,23,5,29,21
US16061,2,3,9,4,9,0,23,3
US16063,2,3,9,22,9,22,23,0
US16065,3,3,23,18,23,18,29,23
US16067,3,3,23,4,23,0,29,5
US16069,3,3,26,23,12,23,12,32
US16071,2,3,9,4,9,0,23,3
US16073,3,13,23,5,23,5,29,21
US16075,3,3,23,4,23,0,29,3
US16077,3,3,23,18,23,18,29,23
US16079,3,17,26,35,12,35,12,35
US16081,3,3,23,18,23,18,29,23
US16083,3,3,23,4,23,0,29,5
US16085,3,13,23,5,23,5,29,21
US16087,3,3,23,4,23,0,29,3
US17001,9,3,32,23,32,23,1,32
US17003,2,3,9,4,9,0,23,3
US17005,10,0,19,17,19,17,62,8
US17007,10,1,19,43,19,43,64,43
US17009,2,3,9,4,9,0,23,3
US17011,10,1,19,43,19,43,64,43
US17013,2,3,9,4,9,0,23,3
US17015,10,1,19,29,19,29,64,29
US17017,2,3,9,4,9,0,23,3
US17019,10,1,19,14,19,14,62,14
US17021,10,1,19,14,19,14,62,14
US17023,10,0,19,17,19,17,62,8
US17025,2,3,9,4,9,0,17,3
US17027,2,1,9,14,9,14,17,14
US17029,10,1,19,14,19,14,62,14
US17031,10,1,19,43,19,43,64,43
US17033,2,3,9,4,9,0,17,3
US17035,10,0,19,17,19,17,62,8
US17037,10,1,19,43,19,43,64,43
US17039,10,1,19,14,19,14,62,14
US17041,10,1,19,14,19,14,62,14
US17043,10,1,19,43,19,43,64,43
US17045,11,0,2,17,49,17,49,8
US17047,2,3,9,4,9,0,17,5
US17049,10,0,19,17,19,17,62,8
US17051,10,0,19,17,19,17,62,8
US17053,10,1,19,14,19,14,62,14
US17055,2,1,9,14,9,14,17,14
US17057,10,3,19,40,19,40,67,71
US17059,2,3,9,4,9,0,23,3
US17061,2,3,9,4,9,0,23,3
US17063,10,1,19,43,19,43,64,43
US17065,2,3,9,4,9,0,17,5
US17067,0,3,16,4,16,0,34,3
US17069,2,3,9,4,9,0,61,3
US17071,2,3,9,4,9,0,55,3
US17073,10,1,19,43,19,43,67,43
US17075,10,1,19,14,19,14,62,14
US17077,2,1,9,14,9,14,17,14
US17079,2,3,9,4,9,0,17,3
US17081,2,3,9,4,9,0,17,5
US17083,2,1,9,14,9,14,23,14
US17085,0,1,16,29,16,29,34,29
US17087,2,3,9,4,9,0,61,3
US17089,10,1,19,43,19,43,64,43
US17091,10,1,19,14,19,14,62,14
US17093,10,1,19,43,19,43,64,43
US17095,10,3,19,23,19,23,67,32
US17097,10,1,19,43,19,43,64,43
US17099,10,1,19,43,19,43,64,43
US17101,2,3,9,4,9,0,17,3
US17103,10,1,19,43,19,43,64,43
US17105,10,1,19,14,19,14,62,14
US17107,10,1,19,14,19,14,62,14
US17109,10,3,19,40,19,40,67,71
US17111,10,1,19,43,19,43,64,43
US17113,10,1,19,14,19,14,62,14
US17115,10,1,19,14,19,14,62,14
US17117,10,1,19,14,19,14,62,14
US17119,9,1,32,14,32,14,1,14
US17121,2,1,9,14,9,14,17,14
US17123,10,3,19,40,19,40,62,67
US17125,2,3,9,4,9,0,23,3
US17127,2,3,9,4,9,0,61,3
US17129,2,3,9,4,9,0,23,3
US17131,10,3,19,23,19,23,67,32
US17133,2,1,9,14,9,14,17,14
US17135,10,1,19,14,19,14,62,14
US17137,2,3,9,4,9,0,23,3
US17139,10,1,19,14,19,14,62,14
US17141,10,1,19,43,19,43,64,43
US17143,10,1,19,14,19,14,62,14
US17145,2,1,9,14,9,14,17,14
US17147,10,1,19,14,19,14,62,14
US17149,2,3,9,4,9,0,23,3
US17151,2,3,9,4,9,0,61,3
US17153,2,3,9,4,9,0,23,3
US17155,2,3,9,40,9,40,23,67
US17157,2,1,9,14,9,14,17,14
US17159,2,3,9,4,9,0,17,3
US17161,10,1,19,43,19,43,67,43
US17163,9,1,32,14,32,14,1,14
US17165,2,1,9,14,9,14,17,14
US17167,10,1,19,14,19,14,62,14
US17169,2,3,9,4,9,0,23,3
US17171,2,3,9,40,9,40,23,67
US17173,10,1,19,14,19,14,62,14
US17175,2,3,9,40,9,40,23,67
US17177,10,1,19,29,19,29,64,29
US17179,10,1,19,14,19,14,62,14
US17181,2,1,9,14,9,14,17,14
US17183,10,3,19,23,19,23,62,32
US17185,11,3,2,4,49,0,49,3
US17187,10,3,19,23,19,23,67,32
US17189,2,1,9,14,9,14,17,14
US17191,2,3,9,4,9,0,17,5
US17193,2,3,9,4,9,0,17,5
US17195,10,1,19,43,19,43,64,43
US17197,10,1,19,43,19,43,64,43
US17199,2,1,9,14,9,14,17,14
US17201,10,1,19,43,19,43,64,43
US17203,10,1,19,14,19,14,62,14
US18001,11,3,2,4,26,0,26,5
US18003,11,0,2,44,26,44,26,44
US18005,11,14,2,7,26,7,26,72
US18007,2,3,9,4,9,0,23,5
US18009,11,0,2,17,26,17,26,8
US18011,11,0,2,17,26,17,26,8
US18013,11,0,2,17,26,17,26,8
US18015,11,0,2,17,26,17,26,8
US18017,11,0,2,17,26,17,26,8
US18019,2,14,21,7,21,7,10,72
US18021,11,0,2,17,49,17,49,8
US18023,11,0,2,17,26,17,26,8
US18025,2,3,9,4,9,0,23,3
US18027,11,3,2,4,49,0,49,5
US18029,13,3,24,22,11,22,20,0
US18031,11,0,2,17,26,17,26,8
US18033,11,0,2,44,26,44,26,44
US18035,11,0,2,17,26,17,26,8
US18037,11,3,2,4,49,0,49,5
US18039,18,0,1,44,1,44,51,44
US18041,11,3,2,22,26,22,26,0
US18043,2,14,21,7,21,7,10,72
US18045,11,3,2,23,26,23,26,32
US18047,11,3,2,22,26,22,26,0
US18049,11,3,2,18,26,18,26,23
US18051,11,3,2,4,49,0,49,3
US18053,11,0,2,17,26,17,26,8
US18055,11,0,2,17,49,17,49,8
US18057,11,0,2,17,26,17,26,8
US18059,11,0,2,17,26,17,26,8
US18061,2,14,9,7,9,7,23,72
US18063,11,0,2,17,26,17,26,8
US18065,11,0,2,17,26,17,26,8
US18067,11,0,2,17,26,17,26,8
US18069,11,0,2,44,26,44,26,44
US18071,11,14,2,7,26,7,26,72
US18073,11,0,2,17,26,17,26,8
US18075,11,3,2,4,26,0,26,5
US18077,2,3,9,4,9,0,15,3
US18079,11,14,2,7,26,7,26,72
US18081,11,0,2,17,26,17,26,8
US18083,2,3,9,4,9,0,17,3
US18085,11,0,2,44,26,44,26,44
US18087,18,0,1,44,1,44,51,44
US18089,11,0,2,44,26,44,26,44
US18091,11,0,2,44,26,44,26,44
US18093,11,3,2,4,49,0,49,5
US18095,11,0,2,17,26,17,26,8
US18097,11,0,2,17,26,17,26,8
US18099,11,3,2,18,26,18,26,23
US18101,11,3,2,4,49,0,49,5
US18103,11,0,2,17,26,17,26,8
US18105,11,0,2,17,26,17,26,8
US18107,11,0,2,17,26,17,26,8
US18109,11,0,2,17,26,17,26,8
US18111,2,3,9,22,9,22,23,0
US18113,11,0,2,44,26,44,26,44
US18115,2,3,9,22,9,22,15,0
US18117,11,3,2,4,49,0,49,5
US18119,11,0,2,17,26,17,26,8
US18121,11,0,2,17,49,17,49,8
US18123,2,3,9,4,9,0,23,5
US18125,11,14,2,7,49,7,49,72
US18127,11,0,2,44,26,44,26,44
US18129,11,14,2,7,49,7,49,72
US18131,11,3,2,18,26,18,26,23
US18133,11,0,2,17,49,17,49,8
US18135,11,0,2,17,26,17,26,8
US18137,11,0,2,17,26,17,26,8
US18139,11,0,2,17,26,17,26,8
US18141,18,0,1,44,1,44,51,44
US18143,11,14,2,7,26,7,26,72
US18145,11,0,2,17,26,17,26,8
US18147,11,3,2,4,49,0,49,3
US18149,11,3,2,18,26,18,26,23
US18151,11,0,2,44,26,44,26,44
US18153,11,0,2,17,49,17,49,8
US18155,2,3,9,4,9,0,15,3
US18157,11,0,2,17,26,17,26,8
US18159,11,0,2,17,26,17,26,8
US18161,11,3,2,22,26,22,26,0
US18163,11,14,2,7,49,7,49,72
US18165,11,0,2,17,49,17,49,8
US18167,11,0,2,17,49,17,49,8
US18169,11,0,2,44,26,44,26,44
US18171,2,3,9,4,9,0,23,5
US18173,11,14,2,7,49,7,49,72
US18175,2,14,9,7,9,7,23,72
US18177,11,0,2,17,26,17,26,8
US18179,11,3,2,4,26,0,26,5
US18181,11,0,2,17,26,17,26,8
US18183,11,0,2,44,26,44,26,44
US19001,0,4,16,20,16,4,34,9
US19003,2,3,9,4,9,0,23,3
US19005,2,3,9,4,9,0,23,3
US19007,0,3,16,4,16,0,34,3
US19009,2,3,9,4,9,0,23,5
US19011,0,4,16,20,16,4,34,9
US19013,0,3,16,23,16,23,34,32
US19015,0,4,16,20,16,4,34,9
US19017,0,3,16,23,16,23,34,32
US19019,0,4,16,20,16,4,34,9
US19021,0,3,16,4,16,0,34,3
US19023,2,3,9,22,9,22,23,0
US19025,2,3,9,4,9,0,23,5
US19027,0,4,16,20,16,4,34,9
US19029,0,3,16,40,16,40,34,67
US19031,0,4,16,20,16,4,34,9
US19033,0,3,16,4,16,0,34,3
US19035,0,3,16,4,16,0,34,3
US19037,0,3,16,23,16,23,34,32
US19039,0,3,16,23,16,23,34,32
US19041,0,4,16,20,16,4,34,9
US19043,2,3,9,4,9,0,23,3
US19045,0,1,16,29,16,29,34,29
US19047,0,3,16,40,16,40,34,67
US19049,0,4,16,20,16,4,34,9
US19051,0,3,16,4,16,0,34,3
US19053,2,3,9,4,9,0,23,3
US19055,0,4,16,20,16,4,34,9
US19057,0,3,16,4,16,0,34,3
US19059,0,4,16,20,16,4,34,9
US19061,0,1,16,29,16,29,34,29
US19063,0,4,16,20,16,4,34,9
US19065,2,3,9,23,9,23,23,32
US19067,0,3,16,23,16,23,34,32
US19069,0,3,16,4,16,0,34,3
US19071,2,3,9,4,9,0,23,3
US19073,0,4,16,20,16,4,34,9
US19075,2,3,9,22,9,22,23,0
US19077,0,4,16,20,16,4,34,9
US19079,0,4,16,20,16,4,34,9
US19081,0,3,16,40,16,40,34,67
US19083,0,3,16,4,16,0,34,3
US19085,0,3,16,40,16,40,34,67
US19087,0,3,16,4,16,0,34,3
US19089,0,4,16,20,16,4,34,9
US19091,0,4,16,20,16,4,34,9
US19093,2,3,9,4,9,0,23,5
US19095,0,4,16,20,16,4,34,9
US19097,0,1,16,29,16,29,34,29
US19099,0,3,16,4,16,0,34,3
US19101,0,3,16,4,16,0,34,3
US19103,0,4,16,20,16,4,34,9
US19105,0,4,16,20,16,4,34,9
US19107,2,3,9,4,9,0,55,5
US19109,0,4,16,20,16,4,34,9
US19111,0,3,16,4,16,0,34,3
US19113,0,4,16,20,16,4,34,9
US19115,2,3,9,4,9,0,55,5
US19117,2,3,9,4,9,0,23,3
US19119,2,3,9,4,9,0,70,3
US19121,0,4,16,20,16,4,34,9
US19123,0,3,16,4,16,0,34,3
US19125,0,3,16,4,16,0,34,3
US19127,0,3,16,4,16,0,34,3
US19129,0,3,16,40,16,40,34,67
US19131,0,3,16,4,16,0,34,3
US19133,0,3,13,18,13,18,13,62
US19135,0,3,16,4,16,0,34,3
US19137,0,3,16,40,16,40,34,67
US19139,0,4,16,20,16,4,34,9
US19141,0,3,16,4,16,0,34,3
US19143,2,3,9,4,9,0,70,3
US19145,0,3,16,40,16,40,34,67
US19147,0,4,16,20,16,4,34,9
US19149,0,3,16,4,16,0,34,3
US19151,2,3,9,4,9,0,23,3
US19153,0,4,16,20,16,4,34,9
US19155,0,4,13,20,13,4,13,53
US19157,0,3,16,4,16,0,34,3
US19159,0,3,16,23,16,23,34,32
US19161,2,3,9,4,9,0,23,5
US19163,10,1,19,43,19,43,67,43
US19165,0,3,16,40,16,40,34,67
US19167,0,3,16,4,16,0,34,3
US19169,0,4,16,20,16,4,34,9
US19171,0,3,16,4,16,0,34,3
US19173,2,3,9,4,9,0,23,3
US19175,0,3,16,23,16,23,34,32
US19177,0,3,16,4,16,0,34,3
US19179,0,3,16,4,16,0,34,3
US19181,0,4,16,20,16,4,34,9
US19183,0,3,16,4,16,0,34,3
US19185,2,3,9,4,9,0,23,3
US19187,0,4,16,20,16,4,34,9
US19189,0,3,16,40,16,40,34,67
US19191,0,4,16,20,16,4,34,9
US19193,0,4,13,20,13,4,13,9
US19195,0,3,16,4,16,0,34,5
US19197,0,4,16,20,16,4,34,9
US20001,9,10,31,36,31,36,3,17
US20003,9,3,31,22,31,22,3,0
US20005,2,10,9,33,9,33,23,33
US20007,2,3,9,4,9,0,23,3
US20009,9,10,31,33,31,33,3,33
US20011,9,10,31,36,31,36,3,17
US20013,2,3,9,4,9,0,23,3
US20015,9,10,31,33,31,33,3,33
US20017,9,3,31,4,31,0,3,5
US20019,2,3,9,4,9,0,23,3
US20021,8,10,4,36,4,36,53,17
US20023,2,3,9,4,9,0,23,5
US20025,2,3,9,4,9,0,23,3
US20027,9,10,31,33,31,33,3,33
US20029,2,3,9,4,9,0,23,3
US20031,9,3,31,22,31,22,3,0
US20033,2,3,9,4,9,0,23,5
US20035,9,10,31,33,31,33,3,33
US20037,9,10,31,36,31,36,3,17
US20039,2,3,9,22,9,22,23,0
US20041,9,10,31,33,31,33,3,33
US20043,2,3,9,4,9,0,23,5
US20045,9,10,31,33,31,33,3,33
US20047,2,3,9,4,9,0,23,3
US20049,2,3,9,40,9,40,23,67
US20051,9,10,31,33,31,33,3,33
US20053,9,10,31,33,31,33,3,33
US20055,9,10,31,33,31,33,3,33
US20057,9,10,31,33,31,33,3,33
US20059,9,3,31,22,31,22,3,0
US20061,9,10,31,33,31,33,3,33
US20063,2,3,9,22,9,22,23,0
US20065,2,3,9,4,9,0,23,3
US20067,9,10,31,33,31,33,3,33
US20069,2,3,9,4,9,0,23,5
US20071,2,3,9,18,9,18,23,62
US20073,2,3,9,40,9,40,23,67
US20075,2,3,9,18,9,18,23,62
US20077,2,3,9,4,9,0,23,3
US20079,9,10,31,33,31,33,3,33
US20081,2,3,9,18,9,18,23,62
US20083,2,3,9,4,9,0,23,5
US20085,2,3,9,4,9,0,23,3
US20087,2,3,9,4,9,0,23,3
US20089,2,3,9,4,9,0,23,3
US20091,9,10,31,33,31,33,3,33
US20093,2,3,9,18,9,18,23,62
US20095,9,10,31,33,31,33,3,33
US20097,2,3,9,22,9,22,23,0
US20099,9,10,31,36,31,36,3,17
US20101,2,3,9,18,9,18,23,62
US20103,9,10,31,33,31,33,3,33
US20105,2,3,9,22,9,22,23,0
US20107,9,3,31,4,31,0,3,5
US20109,2,3,9,4,9,0,23,5
US20111,9,3,31,22,31,22,3,0
US20113,9,10,31,33,31,33,3,33
US20115,9,10,31,33,31,33,3,33
US20117,2,10,9,33,9,33,23,33
US20119,2,3,9,4,9,0,23,5
US20121,9,3,31,4,31,0,3,5
US20123,2,3,9,4,9,0,23,3
US20125,9,10,31,36,31,36,3,17
US20127,9,3,31,4,31,0,3,5
US20129,2,3,9,18,9,18,23,62
US20131,2,3,9,4,9,0,23,3
US20133,9,10,31,36,31,36,3,17
US20135,2,3,9,4,9,0,23,5
US20137,7,1,36,6,36,6,73,63
US20139,9,3,31,4,31,0,3,5
US20141,2,3,9,4,9,0,23,3
US20143,2,3,9,4,9,0,23,3
US20145,9,10,31,33,31,33,3,33
US20147,2,3,9,4,9,0,23,3
US20149,9,3,31,4,31,0,3,3
US20151,9,10,31,33,31,33,3,33
US20153,2,3,9,22,9,22,23,0
US20155,9,10,31,33,31,33,3,33
US20157,2,3,9,4,9,0,23,3
US20159,9,10,31,33,31,33,3,33
US20161,9,10,31,33,31,33,3,33
US20163,2,3,9,4,9,0,23,3
US20165,9,10,31,33,31,33,3,33
US20167,9,10,31,33,31,33,3,33
US20169,9,10,31,33,31,33,3,33
US20171,9,10,31,33,31,33,3,33
US20173,9,10,31,33,31,33,3,33
US20175,9,10,31,33,31,33,3,33
US20177,9,10,31,33,31,33,3,33
US20179,2,3,9,4,9,0,23,3
US20181,9,3,31,4,31,0,3,5
US20183,2,3,9,4,9,0,23,5
US20185,2,3,9,4,9,0,23,3
US20187,2,3,9,18,9,18,23,62
US20189,9,10,31,33,31,33,3,33
US20191,9,10,31,33,31,33,3,33
US20193,9,3,31,4,31,0,3,5
US20195,2,3,9,4,9,0,23,5
US20197,9,3,31,4,31,0,3,3
US20199,2,3,9,18,9,18,23,62
US20201,9,3,31,4,31,0,3,5
US20203,2,3,9,4,9,0,23,5
US20205,9,10,31,36,31,36,3,17
US20207,9,3,31,4,31,0,3,5
US20209,9,10,31,33,31,33,3,33
US21001,2,3,9,4,9,0,23,3
US21003,2,14,21,7,21,7,10,41
US21005,2,14,21,7,21,7,10,41
US21007,2,3,9,4,9,0,23,5
US21009,2,14,21,7,21,7,10,41
US21011,2,3,21,22,21,22,10,0
US21013,2,3,11,4,2,0,74,3
US21015,13,0,24,10,11,10,20,54
US21017,2,0,21,10,21,10,10,54
US21019,2,6,14,30,14,30,2,30
US21021,2,3,21,22,21,22,10,0
US21023,2,3,9,18,9,18,23,62
US21025,2,3,11,4,2,0,74,5
US21027,2,3,21,4,21,0,10,3
US21029,2,14,21,7,21,7,10,41
US21031,2,3,21,22,21,22,10,0
US21033,2,14,9,7,9,7,23,41
US21035,2,14,9,7,9,7,61,41
US21037,13,0,24,10,11,10,20,54
US21039,2,3,9,4,9,0,23,5
US21041,2,3,9,4,9,0,15,3
US21043,2,6,14,30,14,30,2,30
US21045,2,3,21,22,21,22,10,0
US21047,2,14,30,7,30,7,6,41
US21049,2,0,21,10,21,10,10,54
US21051,2,3,11,4,2,0,74,5
US21053,2,3,9,22,9,22,23,0
US21055,2,14,9,7,9,7,23,41
US21057,2,3,9,22,9,22,23,0
US21059,2,14,21,7,21,7,10,41
US21061,2,14,21,7,21,7,10,41
US21063,2,3,9,18,9,18,23,62
US21065,2,3,9,4,9,0,23,3
US21067,2,14,21,7,21,7,10,41
US21069,2,3,9,22,9,22,23,0
US21071,2,3,14,4,14,0,2,3
US21073,2,14,21,7,21,7,10,41
US21075,2,3,30,4,30,0,6,3
US21077,2,3,9,4,9,0,15,3
US21079,2,3,21,22,21,22,10,0
US21081,13,0,24,10,11,10,20,54
US21083,2,14,9,7,9,7,61,41
US21085,2,14,21,7,21,7,10,41
US21087,2,3,9,4,9,0,23,3
US21089,2,6,14,30,14,30,2,30
US21091,2,3,9,4,9,0,23,5
US21093,2,14,21,7,21,7,10,41
US21095,2,3,11,4,2,0,74,5
US21097,2,0,21,10,21,10,10,54
US21099,2,14,21,7,21,7,10,41
US21101,11,14,2,7,49,7,49,72
US21103,2,0,9,10,9,10,23,54
US21105,2,3,9,4,9,0,23,5
US21107,2,3,9,4,9,0,23,3
US21109,2,3,9,4,9,0,23,3
US21111,2,14,21,7,21,7,10,41
US21113,2,3,21,22,21,22,10,0
US21115,2,3,14,4,14,0,2,3
US21117,13,0,24,10,11,10,20,54
US21119,2,3,9,4,9,0,23,3
US21121,2,14,11,7,2,7,74,41
US21123,2,14,21,7,21,7,10,41
US21125,2,14,11,7,2,7,74,41
US21127,2,3,14,4,14,0,2,3
US21129,2,3,9,4,9,0,23,3
US21131,2,3,9,4,9,0,23,3
US21133,2,3,9,4,9,0,23,3
US21135,2,3,9,22,9,22,23,0
US21137,2,3,21,22,21,22,10,0
US21139,2,14,9,7,9,7,61,41
US21141,2,14,21,7,21,7,10,41
US21143,2,14,9,7,9,7,61,41
US21145,2,14,9,7,9,7,61,41
US21147,2,14,9,7,9,7,23,41
US21149,2,3,9,4,9,0,23,3
US21151,2,14,21,7,21,7,10,41
US21153,2,3,9,4,9,0,23,3
US21155,2,14,21,7,21,7,10,41
US21157,2,14,9,7,9,7,61,41
US21159,2,3,9,4,9,0,23,3
US21161,2,3,9,22,9,22,23,0
US21163,2,3,21,4,21,0,10,3
US21165,2,3,21,4,21,0,10,5
US21167,2,3,21,22,21,22,10,0
US21169,2,3,9,4,9,0,23,3
US21171,2,3,9,4,9,0,23,3
US21173,2,0,21,10,21,10,10,54
US21175,2,3,9,22,9,22,23,0
US21177,2,14,21,7,21,7,10,41
US21179,2,14,21,7,21,7,10,41
US21181,2,3,9,18,9,18,23,62
US21183,2,14,21,7,21,7,10,41
US21185,2,0,21,10,21,10,10,54
US21187,2,3,9,4,9,0,23,5
US21189,2,3,9,4,9,0,23,3
US21191,2,3,9,18,9,18,23,62
US21193,2,3,11,4,2,0,74,5
US21195,2,3,14,4,14,0,2,3
US21197,2,3,21,4,21,0,10,5
US21199,2,14,9,7,9,7,23,41
US21201,2,3,9,18,9,18,23,62
US21203,2,14,11,7,2,7,74,41
US21205,2,3,21,22,21,22,10,0
US21207,2,3,9,22,9,22,23,0
US21209,2,0,21,10,21,10,10,54
US21211,2,0,21,10,21,10,10,54
US21213,2,14,21,7,21,7,10,41
US21215,2,3,21,4,21,0,10,5
US21217,2,3,9,4,9,0,23,3
US21219,2,14,21,7,21,7,10,41
US21221,2,14,9,7,9,7,61,41
US21223,2,3,9,4,9,0,15,3
US21225,2,3,9,4,9,0,23,3
US21227,2,14,21,7,21,7,10,41
US21229,2,3,21,4,21,0,10,5
US21231,2,14,9,7,9,7,23,41
US21233,2,3,9,4,9,0,23,3
US21235,2,14,11,7,2,7,74,41
US21237,2,3,21,4,21,0,10,5
US21239,2,14,21,7,21,7,10,41
US22001,6,18,7,16,7,16,38,16
US22003,6,3,7,4,7,0,31,3
US22005,6,18,7,16,7,16,38,16
US22007,6,18,7,16,7,16,38,16
US22009,6,18,7,16,7,16,38,16
US22011,6,3,7,4,7,0,31,3
US22013,6,18,7,16,7,16,31,16
US22015,6,18,7,16,7,16,31,16
US22017,6,18,7,16,7,16,31,16
US22019,6,18,7,16,7,16,38,16
US22021,2,3,9,4,9,0,23,50
US22023,2,3,9,18,9,18,23,62
US22025,2,3,9,4,9,0,23,50
US22027,6,18,7,16,7,16,31,16
US22029,6,18,7,46,7,46,38,46
US22031,2,3,9,4,9,0,23,3
US22033,6,18,7,16,7,16,38,16
US22035,6,3,7,4,7,0,31,3
US22037,2,18,9,16,9,16,23,16
US22039,6,18,7,16,7,16,38,16
US22041,6,3,7,4,7,0,31,3
US22043,2,3,9,4,9,0,23,3
US22045,6,18,7,16,7,16,38,16
US22047,6,18,7,16,7,16,38,16
US22049,6,18,7,16,7,16,31,16
US22051,6,18,7,16,7,16,38,16
US22053,6,18,7,16,7,16,38,16
US22055,6,18,7,16,7,16,38,16
US22057,6,18,7,16,7,16,38,16
US22059,2,3,9,4,9,0,23,3
US22061,6,18,7,16,7,16,31,16
US22063,6,18,7,16,7,16,38,16
US22065,6,3,7,4,7,0,31,3
US22067,6,18,7,16,7,16,31,16
US22069,6,18,7,16,7,16,31,16
US22071,6,18,7,16,7,16,38,16
US22073,6,18,7,16,7,16,31,16
US22075,6,18,7,16,7,16,38,16
US22077,6,18,7,16,7,16,38,16
US22079,6,18,7,16,7,16,31,16
US22081,2,3,9,4,9,0,23,50
US22083,6,3,7,4,7,0,31,3
US22085,2,3,9,4,9,0,23,3
US22087,6,18,7,16,7,16,38,16
US22089,6,18,7,16,7,16,38,16
US22091,2,3,9,4,9,0,23,3
US22093,6,18,7,16,7,16,38,16
US22095,6,18,7,16,7,16,38,16
US22097,6,18,7,16,7,16,38,16
US22099,6,18,7,16,7,16,38,16
US22101,6,18,7,16,7,16,38,16
US22103,6,18,7,16,7,16,38,16
US22105,6,18,7,16,7,16,38,16
US22107,2,3,9,4,9,0,23,3
US22109,6,18,7,16,7,16,38,16
US22111,6,18,7,16,7,16,31,16
US22113,6,18,7,16,7,16,38,16
US22115,6,3,7,4,7,0,31,3
US22117,6,18,7,16,7,16,38,16
US22119,6,18,7,16,7,16,31,16
US22121,6,18,7,16,7,16,38,16
US22123,2,3,9,4,9,0,23,3
US22125,2,18,9,16,9,16,23,16
US22127,6,18,7,16,7,16,31,16
US23001,1,19,22,45,22,45,65,22
US23003,1,19,22,45,22,45,65,22
US23005,1,19,22,42,22,42,65,42
US23007,1,19,22,45,22,45,65,22
US23009,1,19,22,45,22,45,65,22
US23011,1,19,22,45,22,45,65,22
US23013,1,19,22,45,22,45,65,22
US23015,1,19,22,45,22,45,65,22
US23017,1,19,22,45,22,45,65,22
US23019,1,19,22,45,22,45,65,22
US23021,1,19,22,45,22,45,65,22
US23023,1,19,22,45,22,45,65,22
US23025,1,19,22,45,22,45,65,22
US23027,1,19,22,45,22,45,65,22
US23029,1,19,22,45,22,45,65,22
US23031,1,19,22,42,22,42,65,42
US24001,15,6,12,30,5,30,45,30
US24003,15,9,12,38,5,38,59,38
US24005,15,9,12,38,5,38,59,38
US24009,15,9,12,38,5,38,59,38
US24011,15,9,12,38,5,38,59,38
US24013,15,9,12,38,5,38,59,38
US24015,15,9,12,38,5,38,59,38
US24017,15,9,12,38,5,38,59,38
US24019,15,9,12,38,5,38,59,38
US24021,15,9,12,47,5,47,45,7
US24023,15,6,12,30,5,30,45,30
US24025,15,9,12,38,5,38,59,38
US24027,15,9,12,38,5,38,59,38
US24029,15,9,12,38,5,38,59,38
US24031,15,9,12,38,5,38,59,38
US24033,15,9,12,38,5,38,59,38
US24035,15,9,12,38,5,38,59,38
US24037,15,9,12,38,5,38,59,38
US24039,15,9,12,38,5,38,59,38
US24041,15,9,12,38,5,38,59,38
US24043,15,9,12,47,5,47,45,7
US24045,15,9,12,38,5,38,59,38
US24047,15,9,12,38,5,38,59,38
US24510,15,9,12,38,5,38,59,38
US25001,1,19,22,42,22,42,47,42
US25003,1,19,22,42,22,42,47,42
US25005,1,19,22,42,22,42,47,42
US25007,1,19,22,42,22,42,47,42
US25009,1,19,22,42,22,42,47,42
US25011,1,19,22,42,22,42,47,42
US25013,1,19,22,42,22,42,47,42
US25015,1,19,22,42,22,42,47,42
US25017,1,19,22,42,22,42,47,42
US25019,1,19,22,42,22,42,47,42
US25021,1,19,22,42,22,42,47,42
US25023,1,19,22,42,22,42,47,42
US25025,1,19,22,42,22,42,47,42
US25027,1,19,22,42,22,42,47,42
US26001,2,3,9,4,9,0,23,5
US26003,18,3,1,40,1,40,19,67
US26005,18,0,1,24,1,24,19,24
US26007,2,3,9,4,9,0,23,5
US26009,18,3,1,12,1,12,19,56
US26011,2,3,9,4,9,0,23,3
US26013,2,3,9,18,9,18,23,62
US26015,18,0,1,24,1,24,19,24
US26017,18,0,1,24,1,24,19,24
US26019,18,3,1,12,1,12,19,56
US26021,18,0,1,44,1,44,19,44
US26023,18,0,1,10,1,10,51,11
US26025,18,0,1,44,1,44,19,44
US26027,18,0,1,44,1,44,51,44
US26029,18,3,1,12,1,12,19,56
US26031,18,3,1,4,1,0,19,5
US26033,18,3,1,40,1,40,19,67
US26035,18,3,1,12,1,12,19,56
US26037,18,0,1,24,1,24,19,24
US26039,18,3,1,12,1,12,19,56
US26041,18,3,1,40,1,40,19,67
US26043,2,3,9,4,9,0,23,3
US26045,18,0,1,24,1,24,19,24
US26047,18,3,1,12,1,12,19,56
US26049,18,0,1,24,1,24,19,24
US26051,18,3,1,12,1,12,19,56
US26053,2,3,9,4,9,0,70,3
US26055,18,3,1,12,1,12,19,56
US26057,18,0,1,24,1,24,19,24
US26059,18,0,1,10,1,10,51,11
US26061,2,3,9,18,9,18,23,62
US26063,18,0,1,24,1,24,19,24
US26065,18,0,1,24,1,24,19,24
US26067,18,0,1,24,1,24,19,24
US26069,2,3,9,4,9,0,23,5
US26071,2,3,9,4,9,0,23,3
US26073,18,0,1,24,1,24,19,24
US26075,18,0,1,10,1,10,51,11
US26077,18,0,1,44,1,44,19,44
US26079,18,3,1,12,1,12,19,56
US26081,18,0,1,24,1,24,19,24
US26083,2,3,9,18,9,18,23,62
US26085,18,3,1,4,1,0,19,3
US26087,18,0,1,24,1,24,19,24
US26089,18,3,1,12,1,12,19,56
US26091,18,0,1,10,1,10,51,11
US26093,18,0,1,24,1,24,19,24
US26095,18,3,1,40,1,40,19,67
US26097,18,3,1,4,1,0,19,5
US26099,18,0,1,24,1,24,19,24
US26101,18,3,1,12,1,12,19,56
US26103,18,3,1,40,1,40,19,67
US26105,18,3,1,18,1,18,19,62
US26107,18,3,1,18,1,18,19,62
US26109,10,3,27,4,27,0,27,3
US26111,18,0,1,24,1,24,19,24
US26113,18,3,1,12,1,12,19,56
US26115,13,0,24,10,11,10,63,11
US26117,18,0,1,24,1,24,19,24
US26119,2,3,9,12,9,12,23,56
US26121,18,3,1,18,1,18,19,62
US26123,18,3,1,18,1,18,19,62
US26125,18,0,1,24,1,24,19,24
US26127,2,3,42,18,42,18,42,62
US26129,2,3,9,4,9,0,23,3
US26131,2,3,9,4,9,0,70,5
US26133,18,3,1,18,1,18,19,62
US26135,2,3,9,4,9,0,23,3
US26137,18,3,1,12,1,12,19,56
US26139,18,0,1,24,1,24,19,24
US26141,2,3,9,4,9,0,23,5
US26143,18,3,1,12,1,12,19,56
US26145,18,0,1,24,1,24,19,24
US26147,18,0,1,24,1,24,19,24
US26149,18,0,1,44,1,44,51,44
US26151,18,0,1,24,1,24,19,24
US26153,18,3,1,40,1,40,19,67
US26155,18,0,1,24,1,24,19,24
US26157,18,0,1,24,1,24,19,24
US26159,18,0,1,44,1,44,19,44
US26161,18,0,1,24,1,24,19,24
US26163,18,0,1,24,1,24,19,24
US26165,18,3,1,12,1,12,19,56
US27001,2,3,9,4,9,0,23,5
US27003,0,4,45,28,45,28,22,6
US27005,0,4,6,28,6,28,32,6
US27007,0,4,45,28,45,28,22,6
US27009,0,4,45,28,45,28,22,6
US27011,2,3,9,4,9,0,23,3
US27013,0,4,45,28,45,28,22,6
US27015,0,4,45,28,45,28,22,6
US27017,0,4,45,28,45,28,22,6
US27019,0,4,45,28,45,28,22,6
US27021,0,4,45,28,45,28,22,6
US27023,2,3,9,4,9,0,23,5
US27025,0,4,45,28,45,28,22,6
US27027,0,4,6,28,6,28,32,6
US27029,0,3,6,4,6,0,32,5
US27031,0,4,45,28,45,28,22,6
US27033,0,3,45,4,45,0,22,5
US27035,0,4,45,28,45,28,22,6
US27037,0,4,45,28,45,28,22,6
US27039,0,4,45,28,45,28,22,6
US27041,2,3,9,4,9,0,23,3
US27043,2,3,9,4,9,0,23,5
US27045,0,4,45,20,45,4,22,9
US27047,0,4,45,28,45,28,22,6
US27049,0,4,45,28,45,28,22,6
US27051,2,3,9,4,9,0,23,3
US27053,0,4,45,28,45,28,22,6
US27055,0,4,45,20,45,4,22,9
US27057,0,3,6,4,6,0,32,5
US27059,0,3,45,22,45,22,22,0
US27061,0,4,45,28,45,28,22,6
US27063,0,3,45,4,45,0,22,5
US27065,0,3,45,22,45,22,22,0
US27067,0,4,45,28,45,28,22,6
US27069,2,3,9,4,9,0,23,3
US27071,9,3,31,4,31,0,3,3
US27073,2,3,9,4,9,0,23,5
US27075,0,4,45,28,45,28,22,6
US27077,2,3,9,4,9,0,23,3
US27079,0,4,45,28,45,28,22,6
US27081,2,3,9,4,9,0,23,5
US27083,0,4,45,28,45,28,22,6
US27085,0,4,45,28,45,28,22,6
US27087,2,3,9,4,9,0,23,5
US27089,2,3,9,4,9,0,23,3
US27091,0,3,45,4,45,0,22,5
US27093,0,4,45,28,45,28,22,6
US27095,0,3,45,22,45,22,22,0
US27097,0,4,45,28,45,28,22,6
US27099,0,4,45,28,45,28,22,6
US27101,2,3,9,4,9,0,23,5
US27103,0,4,45,28,45,28,22,6
US27105,0,3,45,4,45,0,22,5
US27107,2,3,9,22,9,22,23,0
US27109,0,4,45,28,45,28,22,6
US27111,0,4,6,28,6,28,32,6
US27113,2,3,9,4,9,0,23,5
US27115,0,4,45,28,45,28,22,6
US27117,0,4,45,28,45,28,22,6
US27119,0,4,6,28,6,28,32,6
US27121,2,3,9,4,9,0,23,3
US27123,0,4,45,28,45,28,22,6
US27125,2,3,9,4,9,0,23,5
US27127,0,3,45,23,45,23,22,32
US27129,0,3,45,23,45,23,22,32
US27131,0,4,45,28,45,28,22,6
US27133,0,4,45,28,45,28,22,6
US27135,2,3,9,4,9,0,23,3
US27137,0,4,45,28,45,28,22,6
US27139,0,4,45,28,45,28,22,6
US27141,0,4,45,28,45,28,22,6
US27143,0,3,45,23,45,23,22,32
US27145,0,4,45,28,45,28,22,6
US27147,0,4,45,28,45,28,22,6
US27149,2,3,9,4,9,0,23,3
US27151,2,3,9,4,9,0,23,5
US27153,0,4,45,28,45,28,22,6
US27155,0,3,6,22,6,22,36,0
US27157,0,4,45,28,45,28,22,6
US27159,0,3,6,4,6,0,32,5
US27161,0,4,45,28,45,28,22,6
US27163,0,4,45,28,45,28,22,6
US27165,0,3,45,23,45,23,22,32
US27167,0,4,6,28,6,28,32,6
US27169,0,4,45,20,45,4,22,9
US27171,0,4,45,28,45,28,22,6
US27173,2,3,9,4,9,0,23,5
US28001,6,18,7,46,7,46,38,46
US28003,6,18,34,46,34,46,69,46
US28005,2,3,9,4,9,0,23,5
US28007,6,3,34,4,34,0,69,5
US28009,2,3,9,22,9,22,23,0
US28011,6,3,34,18,34,18,69,23
US28013,6,3,34,22,34,22,69,0
US28015,6,3,34,22,34,22,69,0
US28017,6,3,34,22,34,22,69,0
US28019,2,3,9,4,9,0,23,3
US28021,6,18,7,46,7,46,38,46
US28023,2,3,9,4,9,0,23,5
US28025,6,18,34,46,34,46,69,46
US28027,6,3,34,18,34,18,69,23
US28029,6,18,7,46,7,46,38,46
US28031,2,3,9,40,9,40,23,67
US28033,6,1,34,6,34,6,69,47
US28035,6,18,7,46,7,46,38,46
US28037,2,3,9,4,9,0,23,3
US28039,2,3,9,22,9,22,23,0
US28041,2,3,9,22,9,22,23,0
US28043,6,18,34,46,34,46,69,46
US28045,6,18,7,16,7,16,38,16
US28047,6,12,7,19,7,19,38,65
US28049,6,18,34,46,34,46,69,46
US28051,6,3,34,4,34,0,69,5
US28053,6,3,34,18,34,18,69,23
US28055,10,3,19,40,19,40,67,71
US28057,6,18,34,46,34,46,69,46
US28059,6,12,7,19,7,19,38,65
US28061,2,3,9,4,9,0,23,5
US28063,6,18,7,46,7,46,38,46
US28065,2,3,9,4,9,0,23,3
US28067,6,18,7,46,7,46,38,46
US28069,2,3,9,4,9,0,23,5
US28071,6,18,34,46,34,46,69,46
US28073,6,18,7,46,7,46,38,46
US28075,6,18,34,46,34,46,69,46
US28077,2,3,9,4,9,0,23,5
US28079,6,18,34,46,34,46,69,46
US28081,6,18,34,46,34,46,69,46
US28083,6,3,34,18,34,18,69,23
US28085,6,18,7,46,7,46,38,46
US28087,6,18,34,46,34,46,69,46
US28089,6,18,34,46,34,46,69,46
US28091,6,18,7,46,7,46,38,46
US28093,6,1,34,6,34,6,69,47
US28095,6,18,34,46,34,46,69,46
US28097,6,3,34,22,34,22,69,0
US28099,6,18,34,46,34,46,69,46
US28101,6,18,34,46,34,46,69,46
US28103,6,18,34,46,34,46,69,46
US28105,6,18,34,46,34,46,69,46
US28107,6,1,34,6,34,6,69,47
US28109,6,18,7,16,7,16,38,16
US28111,2,3,9,22,9,22,23,0
US28113,6,18,7,46,7,46,38,46
US28115,6,18,34,46,34,46,69,46
US28117,6,18,34,46,34,46,69,46
US28119,6,3,34,18,34,18,69,23
US28121,6,18,34,46,34,46,69,46
US28123,6,18,34,46,34,46,69,46
US28125,2,3,9,4,9,0,23,3
US28127,6,18,7,46,7,46,38,46
US28129,2,3,9,40,9,40,23,67
US28131,2,3,9,22,9,22,23,0
US28133,6,3,34,18,34,18,69,23
US28135,6,18,34,46,34,46,69,46
US28137,6,1,34,6,34,6,69,47
US28139,6,18,34,46,34,46,69,46
US28141,2,3,9,4,9,0,23,3
US28143,6,3,34,18,34,18,69,23
US28145,6,18,34,46,34,46,69,46
US28147,2,3,9,4,9,0,23,5
US28149,6,18,7,46,7,46,38,46
US28151,6,3,34,18,34,18,69,23
US28153,2,3,9,40,9,40,23,67
US28155,6,3,34,22,34,22,69,0
US28157,2,3,9,4,9,0,23,5
US28159,6,18,34,46,34,46,69,46
US28161,6,18,34,46,34,46,69,46
US28163,6,3,34,18,34,18,69,23
US29001,9,3,32,4,32,0,1,3
US29003,9,10,32,9,32,1,1,2
US29005,2,3,9,4,9,0,23,3
US29007,9,10,32,9,32,1,1,2
US29009,8,10,4,9,4,1,53,2
US29011,2,3,9,4,9,0,23,3
US29013,2,3,9,4,9,0,23,3
US29015,2,3,9,4,9,0,23,5
US29017,2,3,9,4,9,0,23,3
US29019,9,10,32,9,32,1,1,2
US29021,9,10,32,9,32,1,1,2
US29023,2,1,9,14,9,14,17,14
US29025,2,3,9,4,9,0,23,3
US29027,9,10,32,9,32,1,1,2
US29029,9,1,32,14,32,14,1,14
US29031,2,1,9,14,9,14,17,14
US29033,9,10,32,9,32,1,1,2
US29035,2,3,9,4,9,0,23,5
US29037,9,10,31,33,31,33,3,33
US29039,2,3,9,4,9,0,23,3
US29041,2,3,9,4,9,0,23,5
US29043,8,10,4,9,4,1,53,2
US29045,2,3,9,22,9,22,23,0
US29047,9,10,31,33,31,33,3,33
US29049,9,10,32,9,32,1,1,2
US29051,9,10,32,9,32,1,1,2
US29053,9,10,32,9,32,1,1,2
US29055,9,1,32,14,32,14,1,14
US29057,2,3,9,4,9,0,23,3
US29059,2,3,9,40,9,40,23,67
US29061,2,3,9,4,9,0,23,5
US29063,9,10,32,9,32,1,1,2
US29065,2,3,9,4,9,0,23,5
US29067,2,3,9,4,9,0,23,3
US29069,2,3,9,4,9,0,17,5
US29071,9,1,32,14,32,14,1,14
US29073,9,1,32,14,32,14,1,14
US29075,2,3,9,4,9,0,23,5
US29077,8,10,4,9,4,1,53,2
US29079,9,10,32,9,32,1,1,2
US29081,2,3,9,4,9,0,23,5
US29083,2,3,9,4,9,0,23,5
US29085,2,3,9,40,9,40,23,67
US29087,2,3,9,40,9,40,23,67
US29089,9,10,32,9,32,1,1,2
US29091,2,3,9,40,9,40,23,67
US29093,2,3,9,4,9,0,55,5
US29095,9,10,31,33,31,33,3,33
US29097,8,10,4,36,4,36,53,17
US29099,9,1,32,14,32,14,1,14
US29101,9,10,32,9,32,1,1,2
US29103,2,3,9,4,9,0,23,3
US29105,9,1,32,14,32,14,1,14
US29107,9,10,32,9,32,1,1,2
US29109,8,10,4,9,4,1,53,2
US29111,9,3,32,23,32,23,1,32
US29113,9,1,32,14,32,14,1,14
US29115,9,3,32,4,32,0,1,3
US29117,9,10,32,9,32,1,1,2
US29119,8,3,4,4,4,0,53,5
US29121,9,3,32,4,32,0,1,3
US29123,2,1,9,14,9,14,55,14
US29125,2,3,9,40,9,40,23,67
US29127,9,3,32,23,32,23,1,32
US29129,2,3,9,4,9,0,23,3
US29131,9,1,32,14,32,14,1,14
US29133,2,3,9,4,9,0,17,5
US29135,9,10,32,9,32,1,1,2
US29137,2,3,9,4,9,0,23,3
US29139,9,10,32,9,32,1,1,2
US29141,9,1,32,14,32,14,1,14
US29143,2,3,9,4,9,0,17,5
US29145,8,10,4,36,4,36,53,17
US29147,9,10,32,9,32,1,1,2
US29149,2,3,9,40,9,40,23,67
US29151,2,3,9,40,9,40,23,67
US29153,2,3,9,4,9,0,23,5
US29155,2,3,9,4,9,0,17,5
US29157,2,1,9,14,9,14,55,14
US29159,9,10,32,9,32,1,1,2
US29161,9,1,32,14,32,14,1,14
US29163,9,1,32,14,32,14,1,14
US29165,9,10,31,33,31,33,3,33
US29167,2,3,9,40,9,40,23,67
US29169,9,1,32,14,32,14,1,14
US29171,2,3,9,4,9,0,23,3
US29173,2,3,9,4,9,0,23,3
US29175,9,10,32,9,32,1,1,2
US29177,2,10,9,9,9,1,23,2
US29179,2,3,9,4,9,0,55,5
US29181,2,3,9,4,9,0,23,5
US29183,9,1,32,14,32,14,1,14
US29185,2,3,9,4,9,0,23,5
US29186,2,1,9,14,9,14,55,14
US29187,2,1,9,14,9,14,55,14
US29189,9,1,32,14,32,14,1,14
US29195,9,10,32,9,32,1,1,2
US29197,2,3,9,23,9,23,23,32
US29199,2,3,9,4,9,0,23,3
US29201,2,1,9,14,9,14,17,14
US29203,2,3,9,40,9,40,23,67
US29205,2,3,9,4,9,0,23,3
US29207,2,1,9,14,9,14,17,14
US29209,8,10,4,9,4,1,53,2
US29211,2,3,9,4,9,0,23,3
US29213,8,10,4,9,4,1,53,2
US29215,2,3,9,4,9,0,23,3
US29217,2,3,9,4,9,0,23,3
US29219,9,1,32,14,32,14,1,14
US29221,2,3,9,4,9,0,23,5
US29223,2,3,9,4,9,0,23,3
US29225,8,10,4,9,4,1,53,2
US29227,2,3,9,4,9,0,23,5
US29229,2,3,9,4,9,0,23,3
US29510,9,1,32,14,32,14,1,14
US30001,3,13,46,5,46,5,4,21
US30003,3,3,46,23,46,23,4,15
US30005,2,3,9,22,9,22,23,0
US30007,3,3,46,4,46,0,4,3
US30009,3,3,46,23,46,23,4,15
US30011,2,3,9,4,9,0,23,5
US30013,3,13,46,5,46,5,4,21
US30015,2,3,9,22,9,22,23,0
US30017,3,13,46,5,46,5,4,21
US30019,2,3,9,4,9,0,23,5
US30021,3,13,46,5,46,5,4,21
US30023,3,13,46,5,46,5,4,21
US30025,2,3,9,4,9,0,23,5
US30027,3,13,46,5,46,5,4,21
US30029,3,13,46,5,46,5,4,21
US30031,3,13,46,5,46,5,4,21
US30033,2,3,9,4,9,0,23,3
US30035,3,13,46,5,46,5,4,21
US30037,2,3,9,4,9,0,23,3
US30039,2,3,9,4,9,0,23,3
US30041,3,13,46,5,46,5,4,21
US30043,2,3,9,4,9,0,23,5
US30045,3,13,46,5,46,5,4,21
US30047,3,13,46,5,46,5,4,21
US30049,3,13,46,5,46,5,4,21
US30051,2,3,9,22,9,22,23,0
US30053,2,3,9,4,9,0,23,5
US30055,2,3,9,4,9,0,23,5
US30057,3,3,46,4,46,0,4,3
US30059,2,3,9,4,9,0,23,3
US30061,2,3,9,4,9,0,23,5
US30063,3,13,46,5,46,5,4,21
US30065,2,3,9,4,9,0,23,3
US30067,3,13,46,5,46,5,4,21
US30069,2,3,9,4,9,0,23,5
US30071,2,3,9,22,9,22,23,0
US30073,2,3,9,4,9,0,23,5
US30075,2,3,9,4,9,0,23,5
US30077,3,3,46,4,46,0,4,3
US30079,2,3,9,4,9,0,23,5
US30081,3,13,46,5,46,5,4,21
US30083,3,13,46,5,46,5,4,21
US30085,2,3,9,4,9,0,23,5
US30087,2,3,9,22,9,22,23,0
US30089,2,3,9,4,9,0,23,3
US30091,2,3,9,22,9,22,23,0
US30093,3,13,46,5,46,5,4,21
US30095,3,3,46,23,46,23,4,15
US30097,2,3,9,4,9,0,23,3
US30099,2,3,9,4,9,0,23,5
US30101,2,3,9,4,9,0,23,5
US30103,2,3,9,22,9,22,23,0
US30105,2,3,9,4,9,0,23,5
US30107,2,3,9,4,9,0,23,5
US30109,2,3,9,22,9,22,23,0
US30111,3,3,46,23,46,23,4,15
US31001,0,4,13,20,13,4,13,53
US31003,2,3,9,18,9,18,23,62
US31007,2,3,9,4,9,0,23,5
US31009,2,3,9,4,9,0,23,5
US31011,2,3,9,4,9,0,23,5
US31013,0,15,13,32,13,32,13,66
US31015,2,3,9,22,9,22,23,0
US31017,2,3,9,4,9,0,23,5
US31019,0,4,13,20,13,4,13,53
US31021,2,3,9,4,9,0,23,3
US31023,0,4,13,20,13,4,13,53
US31025,0,4,13,20,13,4,13,53
US31027,2,3,9,40,9,40,23,67
US31029,2,3,9,4,9,0,23,5
US31031,2,3,9,22,9,22,23,0
US31033,0,3,13,4,13,0,13,3
US31035,2,3,9,4,9,0,23,5
US31037,0,4,13,20,13,4,13,53
US31039,0,4,13,20,13,4,13,53
US31041,0,4,13,20,13,4,13,53
US31043,0,4,13,20,13,4,13,9
US31045,0,15,13,32,13,32,13,66
US31047,0,4,13,20,13,4,13,53
US31049,2,3,9,22,9,22,23,0
US31051,2,3,9,4,9,0,23,3
US31053,0,4,13,20,13,4,13,53
US31055,0,4,13,20,13,4,13,53
US31057,2,3,9,22,9,22,23,0
US31059,2,3,9,4,9,0,23,3
US31061,2,3,9,4,9,0,23,5
US31063,2,3,9,4,9,0,23,3
US31065,2,3,9,22,9,22,23,0
US31067,0,3,13,22,13,22,13,0
US31069,2,3,9,4,9,0,23,5
US31071,2,3,9,4,9,0,23,3
US31073,2,3,9,4,9,0,23,5
US31075,2,3,9,22,9,22,23,0
US31077,2,3,9,18,9,18,23,62
US31079,0,4,13,20,13,4,13,53
US31081,0,4,13,20,13,4,13,53
US31083,2,3,9,4,9,0,23,5
US31085,2,3,14,22,14,22,2,0
US31087,2,3,9,22,9,22,23,0
US31089,2,3,9,18,9,18,23,62
US31091,2,3,9,4,9,0,23,3
US31093,2,3,9,4,9,0,23,5
US31095,0,3,13,22,13,22,13,0
US31097,2,3,9,4,9,0,23,5
US31099,2,3,9,4,9,0,23,5
US31101,0,3,13,4,13,0,13,3
US31103,2,3,9,4,9,0,23,3
US31105,0,3,13,4,13,0,13,3
US31107,2,3,9,4,9,0,23,5
US31109,0,4,13,20,13,4,13,53
US31111,0,4,13,20,13,4,13,53
US31113,2,3,9,4,9,0,23,5
US31115,2,3,9,4,9,0,23,3
US31119,0,4,13,20,13,4,13,53
US31121,0,4,13,20,13,4,13,53
US31123,2,3,9,4,9,0,23,5
US31125,2,3,9,4,9,0,23,5
US31127,2,3,9,22,9,22,23,0
US31129,2,3,9,4,9,0,23,3
US31131,2,3,9,22,9,22,23,0
US31133,2,3,9,4,9,0,23,5
US31135,2,3,9,4,9,0,23,5
US31137,2,3,9,4,9,0,23,5
US31139,2,3,9,22,9,22,23,0
US31141,0,4,13,20,13,4,13,53
US31143,2,3,9,4,9,0,23,3
US31145,2,3,9,22,9,22,23,0
US31147,2,3,9,4,9,0,23,5
US31149,2,3,9,22,9,22,23,0
US31151,0,3,13,22,13,22,13,0
US31153,0,4,13,20,13,4,13,53
US31155,0,4,13,20,13,4,13,53
US31157,0,15,13,32,13,32,13,66
US31159,0,4,13,20,13,4,13,53
US31161,2,3,9,4,9,0,23,5
US31163,2,3,9,4,9,0,23,3
US31165,2,3,9,22,9,22,23,0
US31167,0,4,13,20,13,4,13,53
US31169,2,3,9,4,9,0,23,5
US31171,2,3,9,22,9,22,23,0
US31173,2,3,9,18,9,18,23,62
US31175,2,3,9,4,9,0,23,5
US31177,0,4,13,20,13,4,13,53
US31179,0,4,13,20,13,4,13,53
US31181,2,3,9,4,9,0,23,3
US31183,2,3,9,4,9,0,23,3
US31185,0,4,13,20,13,4,13,53
US32001,17,5,17,37,17,37,60,13
US32003,17,5,17,37,17,37,54,69
US32005,17,5,17,37,17,37,54,13
US32007,17,13,17,5,17,5,60,68
US32009,17,13,17,5,17,5,60,68
US32011,17,13,17,5,17,5,60,68
US32013,17,13,17,5,17,5,60,68
US32015,17,13,17,5,17,5,60,68
US32017,17,13,17,5,17,5,60,68
US32019,17,5,17,37,17,37,60,13
US32021,17,13,17,5,17,5,60,68
US32023,17,13,17,5,17,5,60,68
US32027,17,13,17,5,17,5,60,68
US32029,17,5,17,37,17,37,60,13
US32031,17,5,17,37,17,37,60,13
US32033,17,13,17,5,17,5,60,68
US32510,17,5,17,37,17,37,60,13
US33001,1,19,22,42,22,42,47,42
US33003,1,19,22,42,22,42,47,42
US33005,1,19,22,42,22,42,47,42
US33007,1,19,22,42,22,42,47,42
US33009,1,19,22,42,22,42,47,42
US33011,1,19,22,42,22,42,47,42
US33013,1,19,22,42,22,42,47,42
US33015,1,19,22,42,22,42,47,42
US33017,1,19,22,42,22,42,47,42
US33019,1,19,22,42,22,42,47,42
US34001,1,8,41,34,41,34,41,70
US34003,1,8,41,34,41,34,41,70
US34005,1,8,41,34,41,34,41,70
US34007,1,8,41,34,41,34,41,70
US34009,1,8,41,34,41,34,41,70
US34011,1,8,41,34,41,34,41,70
US34013,1,8,41,34,41,34,41,70
US34015,1,8,41,34,41,34,41,70
US34017,1,8,41,34,41,34,41,70
US34019,1,8,41,34,41,34,41,70
US34021,1,8,41,34,41,34,41,70
US34023,1,8,41,34,41,34,41,70
US34025,1,8,41,34,41,34,41,70
US34027,1,8,41,34,41,34,41,70
US34029,1,8,41,34,41,34,41,70
US34031,1,8,41,34,41,34,41,70
US34033,1,8,41,34,41,34,41,70
US34035,1,8,41,34,41,34,41,70
US34037,1,8,41,34,41,34,41,70
US34039,1,8,41,34,41,34,41,70
US34041,1,8,41,34,41,34,41,70
US35001,7,2,15,25,15,25,0,25
US35003,2,3,9,22,9,22,23,0
US35005,7,2,15,25,15,25,0,25
US35006,7,2,15,25,15,25,0,25
US35007,2,3,9,23,9,23,23,15
US35009,7,2,15,25,15,25,0,25
US35011,2,11,9,1,9,20,23,61
US35013,7,2,15,25,15,25,0,25
US35015,7,2,15,25,15,25,0,25
US35017,7,2,15,25,15,25,0,25
US35019,7,3,15,23,15,23,0,15
US35021,3,3,46,23,46,23,4,15
US35023,5,11,37,1,37,20,8,61
US35025,5,3,37,40,37,40,8,71
US35027,7,2,15,25,15,25,0,25
US35028,7,2,15,25,15,25,0,25
US35029,7,2,15,25,15,25,0,25
US35031,7,2,15,25,15,25,0,25
US35033,2,3,9,4,9,0,23,5
US35035,7,2,15,25,15,25,0,25
US35037,7,3,15,23,15,23,0,15
US35039,7,2,15,25,15,25,0,25
US35041,7,2,15,25,15,25,0,25
US35043,7,2,15,25,15,25,0,25
US35045,7,2,15,25,15,25,0,25
US35047,7,2,15,25,15,25,0,25
US35049,7,2,15,25,15,25,0,25
US35051,7,2,15,25,15,25,0,25
US35053,7,2,15,25,15,25,0,25
US35055,7,2,15,25,15,25,0,25
US35057,7,3,15,23,15,23,0,15
US35059,2,3,9,23,9,23,23,15
US35061,7,2,15,25,15,25,0,25
US36001,1,8,35,11,35,11,35,31
US36003,1,8,35,11,35,11,35,39
US36005,1,8,41,34,41,34,41,70
US36007,1,8,35,11,35,11,35,39
US36009,1,8,35,11,35,11,35,39
US36011,1,8,35,11,35,11,35,31
US36013,1,8,35,11,35,11,35,39
US36015,1,8,35,11,35,11,35,39
US36017,1,8,35,11,35,11,35,39
US36019,1,8,35,11,35,11,35,31
US36021,1,8,35,34,35,34,35,70
US36023,1,8,35,11,35,11,35,39
US36025,1,8,35,11,35,11,35,39
US36027,1,8,41,34,41,34,41,70
US36029,1,8,35,11,35,11,35,39
US36031,1,8,35,11,35,11,35,31
US36033,1,8,35,11,35,11,35,31
US36035,1,8,35,11,35,11,35,31
US36037,1,8,35,11,35,11,35,39
US36039,1,8,35,34,35,34,35,70
US36041,1,8,35,11,35,11,35,31
US36043,1,8,35,11,35,11,35,31
US36045,1,8,35,11,35,11,35,31
US36047,1,8,41,34,41,34,41,70
US36049,1,8,35,11,35,11,35,31
US36051,1,8,35,11,35,11,35,39
US36053,1,8,35,11,35,11,35,31
US36055,1,8,35,11,35,11,35,31
US36057,1,8,35,11,35,11,35,31
US36059,1,8,41,34,41,34,41,70
US36061,1,8,41,34,41,34,41,70
US36063,1,8,35,11,35,11,35,39
US36065,1,8,35,11,35,11,35,31
US36067,1,8,35,11,35,11,35,31
US36069,1,8,35,11,35,11,35,31
US36071,1,8,41,34,41,34,41,70
US36073,1,3,35,23,35,23,35,15
US36075,1,8,35,11,35,11,35,31
US36077,1,8,35,11,35,11,35,39
US36079,1,8,41,34,41,34,41,70
US36081,1,8,41,34,41,34,41,70
US36083,1,8,35,11,35,11,35,31
US36085,1,8,41,34,41,34,41,70
US36087,1,8,41,34,41,34,41,70
US36089,1,8,35,11,35,11,35,31
US36091,1,8,35,11,35,11,35,31
US36093,1,8,35,11,35,11,35,31
US36095,1,8,35,11,35,11,35,31
US36097,1,8,35,11,35,11,35,39
US36099,1,8,35,11,35,11,35,31
US36101,1,8,35,11,35,11,35,39
US36103,1,8,41,34,41,34,41,70
US36105,1,8,41,34,41,34,41,70
US36107,1,8,35,11,35,11,35,39
US36109,1,8,35,11,35,11,35,39
US36111,1,8,41,34,41,34,41,70
US36113,1,8,35,11,35,11,35,31
US36115,1,8,35,11,35,11,35,31
US36117,1,8,35,11,35,11,35,31
US36119,1,8,41,34,41,34,41,70
US36121,1,8,35,11,35,11,35,39
US36123,1,8,35,11,35,11,35,39
US37001,19,7,18,2,18,2,33,52
US37003,19,7,18,13,18,13,33,45
US37005,2,7,9,13,9,13,23,45
US37007,19,3,18,40,18,40,21,71
US37009,19,7,18,13,18,13,33,45
US37011,19,7,18,13,18,13,33,45
US37013,19,7,44,2,44,2,44,36
US37015,19,7,44,2,44,2,44,36
US37017,19,7,18,2,18,2,21,36
US37019,19,7,18,2,18,2,21,36
US37021,19,7,18,13,18,13,33,45
US37023,19,7,18,13,18,13,33,45
US37025,19,7,18,2,18,2,33,52
US37027,19,7,18,13,18,13,33,45
US37029,2,3,9,22,9,22,23,0
US37031,19,7,18,2,18,2,21,36
US37033,2,3,3,4,3,0,46,50
US37035,19,7,18,13,18,13,33,45
US37037,19,7,18,2,18,2,21,52
US37039,4,3,5,4,0,0,5,3
US37041,19,3,44,22,44,22,44,0
US37043,4,3,5,4,0,0,5,3
US37045,19,7,18,2,18,2,33,52
US37047,19,7,18,2,18,2,21,36
US37049,19,7,18,2,18,2,21,36
US37051,19,7,18,2,18,2,21,52
US37053,15,9,38,47,38,47,18,7
US37055,15,9,38,47,38,47,18,7
US37057,19,7,18,2,18,2,33,60
US37059,19,3,18,18,18,18,33,23
US37061,19,7,18,2,18,2,21,36
US37063,19,7,18,2,18,2,33,52
US37065,19,7,44,2,44,2,44,36
US37067,19,7,18,2,18,2,33,60
US37069,19,7,18,2,18,2,21,52
US37071,19,7,18,2,18,2,33,52
US37073,19,3,44,4,44,0,44,3
US37075,4,7,5,13,0,13,5,45
US37077,19,7,18,2,18,2,21,52
US37079,2,7,9,2,9,2,23,36
US37081,19,7,18,2,18,2,33,60
US37083,2,7,9,2,9,2,23,36
US37085,19,7,18,2,18,2,21,52
US37087,19,7,18,13,18,13,33,45
US37089,19,7,18,13,18,13,33,45
US37091,19,3,44,4,44,0,44,3
US37093,19,3,18,40,18,40,21,71
US37095,2,3,9,4,9,0,23,3
US37097,19,7,18,2,18,2,33,52
US37099,19,7,18,13,18,13,33,45
US37101,19,7,18,2,18,2,21,36
US37103,19,3,18,4,18,0,21,3
US37105,19,7,18,2,18,2,21,52
US37107,19,7,18,2,18,2,21,36
US37109,19,7,18,2,18,2,33,52
US37111,19,7,18,13,18,13,33,45
US37113,4,3,5,4,0,0,5,3
US37115,19,7,18,13,18,13,33,45
US37117,19,7,44,2,44,2,44,36
US37119,19,7,18,2,18,2,33,52
US37121,19,7,18,13,18,13,33,45
US37123,19,3,18,22,18,22,33,0
US37125,19,7,18,2,18,2,21,52
US37127,19,7,44,2,44,2,44,36
US37129,19,7,18,2,18,2,21,36
US37131,2,7,9,2,9,2,23,36
US37133,19,7,18,2,18,2,21,36
US37135,19,7,18,2,18,2,33,52
US37137,2,3,9,4,9,0,23,3
US37139,19,3,44,22,44,22,44,0
US37141,19,7,18,2,18,2,21,36
US37143,2,3,9,22,9,22,23,0
US37145,2,3,3,4,3,0,46,5
US37147,19,7,44,2,44,2,44,36
US37149,19,3,18,40,18,40,33,71
US37151,19,7,18,2,18,2,33,60
US37153,19,3,18,40,18,40,21,71
US37155,19,3,18,40,18,40,21,71
US37157,2,7,3,2,3,2,46,60
US37159,19,7,18,2,18,2,33,60
US37161,19,3,18,40,18,40,33,71
US37163,19,7,18,2,18,2,21,36
US37165,19,3,18,40,18,40,21,71
US37167,19,3,18,22,18,22,33,0
US37169,19,3,18,18,18,18,33,23
US37171,19,3,18,18,18,18,33,23
US37173,4,7,5,13,0,13,5,45
US37175,19,7,18,13,18,13,33,45
US37177,2,3,9,18,9,18,23,62
US37179,19,7,18,2,18,2,33,52
US37181,19,7,18,2,18,2,21,52
US37183,19,7,18,2,18,2,33,52
US37185,19,3,18,18,18,18,21,62
US37187,19,3,44,4,44,0,44,3
US37189,19,7,18,13,18,13,33,45
US37191,19,7,18,2,18,2,21,36
US37193,19,7,18,13,18,13,33,45
US37195,19,7,44,2,44,2,44,36
US37197,19,3,18,18,18,18,33,23
US37199,19,7,18,13,18,13,33,45
US38001,0,3,6,4,6,0,36,3
US38003,2,4,9,28,9,28,23,6
US38005,2,3,9,4,9,0,23,3
US38007,0,4,6,28,6,28,32,6
US38009,2,3,9,22,9,22,23,0
US38011,2,3,9,4,9,0,23,5
US38013,2,3,9,4,9,0,23,5
US38015,0,4,6,28,6,28,32,6
US38017,0,4,6,28,6,28,32,6
US38019,2,3,9,4,9,0,23,5
US38021,2,3,9,22,9,22,23,0
US38023,2,3,9,4,9,0,23,5
US38025,2,3,9,4,9,0,23,5
US38027,2,3,9,4,9,0,23,5
US38029,2,3,9,22,9,22,23,0
US38031,2,3,9,4,9,0,23,5
US38033,2,3,9,22,9,22,23,0
US38035,0,4,6,28,6,28,32,6
US38037,2,3,9,4,9,0,23,5
US38039,2,3,9,4,9,0,23,5
US38041,2,3,9,4,9,0,23,5
US38043,2,3,9,4,9,0,23,5
US38045,2,3,9,4,9,0,23,5
US38047,2,3,9,22,9,22,23,0
US38049,2,3,9,22,9,22,23,0
US38051,2,3,9,4,9,0,23,5
US38053,2,3,9,22,9,22,23,0
US38055,2,3,9,4,9,0,23,5
US38057,2,3,9,4,9,0,23,5
US38059,0,4,6,28,6,28,32,6
US38061,2,3,9,22,9,22,23,0
US38063,2,3,9,4,9,0,23,5
US38065,0,3,6,4,6,0,32,3
US38067,2,3,9,4,9,0,23,5
US38069,2,3,9,4,9,0,23,3
US38071,2,3,9,4,9,0,23,3
US38073,2,3,9,4,9,0,23,5
US38075,2,3,9,22,9,22,23,0
US38077,0,4,6,28,6,28,32,6
US38079,2,3,9,4,9,0,23,3
US38081,2,3,9,4,9,0,23,5
US38083,0,3,6,4,6,0,32,3
US38085,0,3,6,4,6,0,36,3
US38087,2,3,9,18,9,18,23,62
US38089,0,4,6,28,6,28,32,6
US38091,2,3,9,4,9,0,23,5
US38093,0,4,6,28,6,28,32,6
US38095,2,3,9,4,9,0,23,5
US38097,2,3,9,4,9,0,23,5
US38099,2,3,9,4,9,0,23,5
US38101,0,4,6,28,6,28,32,6
US38103,2,3,9,22,9,22,23,0
US38105,0,4,6,28,6,28,32,6
US39001,2,3,9,12,9,12,23,18
US39003,13,0,24,10,11,10,63,11
US39005,13,0,47,41,47,41,11,20
US39007,13,6,47,0,47,48,11,48
US39009,13,0,24,41,11,41,20,20
US39011,13,0,24,10,11,10,63,11
US39013,13,0,47,41,47,41,11,20
US39015,2,3,9,12,9,12,23,18
US39017,13,0,24,10,11,10,20,54
US39019,13,0,47,41,47,41,11,20
US39021,13,0,24,10,11,10,20,11
US39023,13,0,24,10,11,10,20,11
US39025,13,0,24,10,11,10,20,54
US39027,13,3,24,4,11,0,20,5
US39029,13,6,47,0,47,48,11,48
US39031,13,0,24,41,11,41,20,20
US39033,13,0,24,10,11,10,63,11
US39035,13,6,47,0,47,48,11,48
US39037,11,0,2,17,26,17,26,8
US39039,13,0,24,10,11,10,63,11
US39041,13,0,24,41,11,41,20,20
US39043,13,0,24,10,11,10,63,11
US39045,13,0,24,41,11,41,20,20
US39047,13,3,24,4,11,0,20,5
US39049,13,0,24,41,11,41,20,20
US39051,13,0,24,10,11,10,63,11
US39053,13,3,24,4,11,0,20,5
US39055,13,6,47,0,47,48,11,48
US39057,13,0,24,10,11,10,20,11
US39059,13,0,24,41,11,41,20,20
US39061,13,0,24,10,11,10,20,54
US39063,13,0,24,10,11,10,63,11
US39065,13,0,24,10,11,10,63,11
US39067,13,0,47,41,47,41,11,20
US39069,13,0,24,10,11,10,63,11
US39071,13,3,24,4,11,0,20,5
US39073,13,0,24,41,11,41,20,20
US39075,13,0,47,41,47,41,11,20
US39077,13,0,24,10,11,10,63,11
US39079,13,3,24,22,11,22,20,0
US39081,13,0,47,41,47,41,11,20
US39083,13,0,24,41,11,41,20,20
US39085,13,6,47,0,47,48,11,48
US39087,2,6,14,30,14,30,2,30
US39089,13,0,24,41,11,41,20,20
US39091,13,0,24,10,11,10,20,11
US39093,13,6,47,0,47,48,11,48
US39095,13,0,24,10,11,10,63,11
US39097,13,0,24,10,11,10,20,11
US39099,13,6,47,0,47,48,11,48
US39101,13,0,24,10,11,10,63,11
US39103,13,6,47,0,47,48,11,48
US39105,13,3,24,4,11,0,20,5
US39107,13,0,24,10,11,10,63,11
US39109,13,0,24,10,11,10,20,11
US39111,2,3,9,12,9,12,55,18
US39113,13,0,24,10,11,10,20,11
US39115,13,0,24,41,11,41,20,20
US39117,2,3,3,4,3,0,52,5
US39119,13,0,24,41,11,41,20,20
US39121,13,3,24,12,11,12,20,18
US39123,13,0,24,10,11,10,63,11
US39125,13,0,24,10,11,10,63,11
US39127,13,0,24,41,11,41,20,20
US39129,13,6,24,30,11,30,20,30
US39131,13,6,24,30,11,30,20,30
US39133,13,6,47,0,47,48,11,48
US39135,11,0,2,17,26,17,26,8
US39137,13,0,24,10,11,10,63,11
US39139,13,0,24,10,11,10,63,11
US39141,13,6,24,30,11,30,20,30
US39143,13,0,24,10,11,10,63,11
US39145,13,6,24,30,11,30,20,30
US39147,13,0,24,10,11,10,63,11
US39149,13,0,24,10,11,10,20,11
US39151,13,0,47,41,47,41,11,20
US39153,13,6,47,0,47,48,11,48
US39155,13,6,47,0,47,48,11,48
US39157,13,0,47,41,47,41,11,20
US39159,13,0,24,10,11,10,20,11
US39161,13,0,24,10,11,10,63,11
US39163,13,3,24,22,11,22,20,0
US39165,13,0,24,10,11,10,20,54
US39167,2,3,9,12,9,12,55,18
US39169,13,0,47,41,47,41,11,20
US39171,13,0,24,10,11,10,63,11
US39173,13,0,24,10,11,10,63,11
US39175,13,0,24,10,11,10,63,11
US40001,2,3,9,4,9,0,23,5
US40003,2,3,9,4,9,0,23,5
US40005,5,10,8,36,8,36,7,17
US40007,2,3,9,18,9,18,23,62
US40009,8,10,28,36,28,36,28,17
US40011,8,3,28,4,28,0,28,5
US40013,5,10,8,36,8,36,7,17
US40015,8,10,28,36,28,36,28,17
US40017,8,10,28,36,28,36,28,17
US40019,8,10,28,36,28,36,28,17
US40021,8,10,28,36,28,36,28,17
US40023,5,10,8,36,8,36,7,17
US40025,2,3,9,22,9,22,23,0
US40027,8,10,28,36,28,36,28,17
US40029,8,10,28,36,28,36,28,17
US40031,8,10,28,36,28,36,28,17
US40033,8,3,28,4,28,0,28,3
US40035,8,10,4,36,4,36,53,17
US40037,8,10,28,36,28,36,28,17
US40039,8,10,28,36,28,36,28,17
US40041,8,10,4,36,4,36,53,17
US40043,8,3,28,22,28,22,28,0
US40045,3,3,46,4,46,0,4,3
US40047,8,3,28,4,28,0,28,5
US40049,8,10,28,36,28,36,28,17
US40051,8,10,28,36,28,36,28,17
US40053,2,3,9,4,9,0,23,5
US40055,8,3,28,23,28,23,28,32
US40057,2,3,9,18,9,18,23,62
US40059,2,3,9,4,9,0,23,5
US40061,8,3,28,4,28,0,28,5
US40063,8,10,28,36,28,36,28,17
US40065,8,3,28,23,28,23,28,32
US40067,2,3,9,4,9,0,23,3
US40069,5,10,8,36,8,36,7,17
US40071,8,10,28,36,28,36,28,17
US40073,8,3,28,4,28,0,28,5
US40075,8,3,28,23,28,23,28,32
US40077,8,10,28,36,28,36,28,17
US40079,8,10,4,9,4,1,37,51
US40081,8,10,28,36,28,36,28,17
US40083,8,10,28,36,28,36,28,17
US40085,5,3,8,4,8,0,7,3
US40087,8,10,28,36,28,36,28,17
US40089,5,10,8,36,8,36,7,17
US40091,8,3,28,4,28,0,28,5
US40093,8,3,28,4,28,0,28,5
US40095,5,10,8,36,8,36,7,17
US40097,8,10,28,36,28,36,28,17
US40099,8,10,28,36,28,36,28,17
US40101,8,10,28,36,28,36,28,17
US40103,8,10,28,36,28,36,28,17
US40105,9,10,31,36,31,36,3,17
US40107,8,10,28,36,28,36,28,17
US40109,8,10,28,36,28,36,28,17
US40111,8,10,28,36,28,36,28,17
US40113,8,10,28,36,28,36,28,17
US40115,8,10,4,36,4,36,53,17
US40117,8,10,28,36,28,36,28,17
US40119,8,10,28,36,28,36,28,17
US40121,8,10,28,36,28,36,28,17
US40123,8,10,28,36,28,36,28,17
US40125,8,10,28,36,28,36,28,17
US40127,2,3,9,22,9,22,23,0
US40129,3,3,46,4,46,0,4,3
US40131,8,10,28,36,28,36,28,17
US40133,8,10,28,36,28,36,28,17
US40135,8,10,4,9,4,1,37,51
US40137,8,10,28,36,28,36,28,17
US40139,9,10,31,33,31,33,3,33
US40141,8,3,28,23,28,23,28,32
US40143,8,10,28,36,28,36,28,17
US40145,8,10,28,36,28,36,28,17
US40147,9,10,31,36,31,36,3,17
US40149,8,10,28,36,28,36,28,17
US40151,8,3,28,4,28,0,28,5
US40153,8,3,28,22,28,22,28,0
US41001,3,3,26,40,12,40,12,71
US41003,3,17,26,35,12,35,12,35
US41005,3,17,26,35,12,35,12,35
US41007,3,17,26,35,12,35,12,35
US41009,3,17,26,35,12,35,12,35
US41011,3,17,26,35,12,35,12,35
US41013,3,2,26,21,12,21,12,4
US41015,3,17,26,35,12,35,12,35
US41017,3,2,26,21,12,21,12,4
US41019,3,17,26,35,12,35,12,35
US41021,2,3,9,4,9,0,23,3
US41023,2,3,9,4,9,0,23,5
US41025,2,2,9,21,9,21,23,4
US41027,3,17,26,35,12,35,12,35
US41029,3,17,26,35,12,35,12,35
US41031,3,2,26,21,12,21,12,4
US41033,3,17,26,35,12,35,12,35
US41035,3,17,26,35,12,35,12,35
US41037,2,2,9,21,9,21,23,4
US41039,3,17,26,35,12,35,12,35
US41041,3,17,26,35,12,35,12,35
US41043,3,17,26,35,12,35,12,35
US41045,3,3,23,4,23,0,29,3
US41047,3,17,26,35,12,35,12,35
US41049,3,3,26,40,12,40,12,71
US41051,3,17,26,35,12,35,12,35
US41053,3,17,26,35,12,35,12,35
US41055,2,3,9,4,9,0,23,5
US41057,3,17,26,35,12,35,12,35
US41059,3,3,26,40,12,40,12,71
US41061,3,3,26,40,12,40,12,71
US41063,2,3,9,4,9,0,23,5
US41065,3,17,26,35,12,35,12,35
US41067,3,17,26,35,12,35,12,35
US41069,2,3,9,4,9,0,23,5
US41071,3,17,26,35,12,35,12,35
US42001,14,6,29,0,29,9,14,57
US42003,14,6,29,0,29,9,14,37
US42005,14,6,29,0,29,9,14,37
US42007,14,6,29,0,29,48,14,48
US42009,14,6,29,0,29,9,14,57
US42011,14,8,29,34,29,34,14,70
US42013,14,6,29,0,29,9,14,57
US42015,1,8,35,11,35,11,35,39
US42017,1,8,41,34,41,34,41,70
US42019,14,6,29,0,29,48,14,48
US42021,14,6,29,0,29,9,14,57
US42023,14,6,29,0,29,9,14,37
US42025,14,6,29,0,29,9,14,57
US42027,14,6,29,0,29,9,14,57
US42029,1,8,41,34,41,34,41,70
US42031,14,6,29,0,29,9,14,37
US42033,14,6,29,0,29,9,14,37
US42035,14,6,29,0,29,9,14,57
US42037,14,6,29,0,29,9,14,57
US42039,14,6,29,0,29,48,14,48
US42041,14,6,29,0,29,9,14,57
US42043,14,6,29,0,29,9,14,57
US42045,1,8,41,34,41,34,41,70
US42047,14,6,29,0,29,9,14,37
US42049,14,6,29,0,29,48,14,48
US42051,14,6,29,0,29,9,14,37
US42053,2,3,9,40,9,40,23,67
US42055,14,6,29,0,29,9,14,57
US42057,14,3,29,4,29,0,14,5
US42059,14,6,29,0,29,9,14,37
US42061,14,6,29,0,29,9,14,57
US42063,14,6,29,0,29,9,14,37
US42065,14,6,29,0,29,9,14,37
US42067,14,6,29,0,29,9,14,57
US42069,14,6,29,0,29,9,14,57
US42071,14,6,29,0,29,9,14,57
US42073,14,6,29,0,29,48,14,48
US42075,14,6,29,0,29,9,14,57
US42077,14,8,29,34,29,34,14,70
US42079,14,6,29,0,29,9,14,57
US42081,14,6,29,0,29,9,14,57
US42083,14,6,29,0,29,9,14,37
US42085,14,6,29,0,29,48,14,48
US42087,14,6,29,0,29,9,14,57
US42089,14,8,29,34,29,34,14,70
US42091,1,8,41,34,41,34,41,70
US42093,14,6,29,0,29,9,14,57
US42095,14,8,29,34,29,34,14,70
US42097,14,6,29,0,29,9,14,57
US42099,14,6,29,0,29,9,14,57
US42101,1,8,41,34,41,34,41,70
US42103,1,8,41,34,41,34,41,70
US42105,2,3,9,40,9,40,23,67
US42107,14,6,29,0,29,9,14,57
US42109,14,6,29,0,29,9,14,57
US42111,14,6,29,0,29,9,14,57
US42113,8,10,4,9,4,1,53,2
US42115,1,8,35,11,35,11,35,39
US42117,2,3,9,40,9,40,23,67
US42119,14,6,29,0,29,9,14,57
US42121,14,6,29,0,29,9,14,37
US42123,14,6,29,0,29,9,14,37
US42125,14,6,29,0,29,9,14,37
US42127,1,8,41,34,41,34,41,70
US42129,14,6,29,0,29,9,14,37
US42131,14,6,29,0,29,9,14,57
US42133,14,6,29,0,29,9,14,57
US44001,1,19,22,42,22,42,47,42
US44003,1,19,22,42,22,42,47,42
US44005,1,19,22,42,22,42,47,42
US44007,1,19,22,42,22,42,47,42
US44009,1,19,22,42,22,42,47,42
US45001,4,3,43,4,43,0,43,3
US45003,4,7,10,26,10,26,58,12
US45005,2,3,9,4,9,0,23,5
US45007,4,7,43,26,43,26,43,12
US45009,2,3,9,4,9,0,23,5
US45011,2,3,9,4,9,0,23,5
US45013,4,7,10,26,10,26,50,12
US45015,4,7,43,26,43,26,43,12
US45017,4,3,10,4,10,0,58,5
US45019,4,7,43,26,43,26,43,12
US45021,4,7,43,26,43,26,43,12
US45023,4,7,43,26,43,26,43,12
US45025,4,7,43,26,43,26,43,12
US45027,4,7,43,26,43,26,43,12
US45029,4,7,10,26,10,26,50,12
US45031,4,7,43,26,43,26,43,12
US45033,4,7,43,26,43,26,43,12
US45035,4,7,43,26,43,26,43,12
US45037,4,7,10,26,10,26,58,12
US45039,4,7,43,26,43,26,43,12
US45041,4,7,43,26,43,26,43,12
US45043,4,7,43,26,43,26,43,12
US45045,4,7,43,26,43,26,43,12
US45047,4,3,43,4,43,0,43,3
US45049,2,3,9,4,9,0,23,5
US45051,4,7,43,26,43,26,43,12
US45053,4,7,10,26,10,26,50,12
US45055,4,7,43,26,43,26,43,12
US45057,19,7,18,2,18,2,33,52
US45059,4,7,43,26,43,26,43,12
US45061,4,7,43,26,43,26,43,12
US45063,4,7,43,26,43,26,43,12
US45065,4,7,10,26,10,26,58,12
US45067,4,7,43,26,43,26,43,12
US45069,4,7,43,26,43,26,43,12
US45071,4,3,43,4,43,0,43,3
US45073,4,7,43,26,43,26,43,12
US45075,4,7,43,26,43,26,43,12
US45077,4,7,43,26,43,26,43,12
US45079,4,7,43,26,43,26,43,12
US45081,4,3,43,4,43,0,43,3
US45083,4,7,43,26,43,26,43,12
US45085,4,7,43,26,43,26,43,12
US45087,4,7,43,26,43,26,43,12
US45089,4,7,43,26,43,26,43,12
US45091,19,7,18,2,18,2,33,52
US46003,2,3,9,4,9,0,23,3
US46005,0,3,6,4,6,0,36,3
US46007,2,3,9,4,9,0,23,5
US46009,2,3,9,4,9,0,23,3
US46011,0,4,6,28,6,28,36,6
US46013,0,3,6,22,6,22,36,0
US46015,0,3,6,23,6,23,36,15
US46017,2,3,9,22,9,22,23,0
US46019,3,4,46,28,46,28,4,6
US46021,2,3,9,22,9,22,23,0
US46023,2,3,9,4,9,0,23,3
US46025,2,3,9,4,9,0,23,5
US46027,0,4,6,20,6,4,36,9
US46029,0,3,6,22,6,22,36,0
US46031,0,3,6,4,6,0,36,3
US46033,3,3,46,23,46,23,4,15
US46035,0,3,6,4,6,0,36,3
US46037,2,3,9,4,9,0,23,5
US46039,2,3,9,4,9,0,23,3
US46041,2,3,9,22,9,22,23,0
US46043,2,3,9,4,9,0,23,5
US46045,2,3,9,4,9,0,23,5
US46047,3,4,46,28,46,28,4,6
US46049,2,3,9,4,9,0,23,5
US46051,2,3,9,4,9,0,23,3
US46053,2,3,9,4,9,0,23,3
US46055,2,3,9,22,9,22,23,0
US46057,2,3,9,4,9,0,23,3
US46059,2,3,9,22,9,22,23,0
US46061,2,3,9,4,9,0,23,5
US46063,2,3,9,4,9,0,23,5
US46065,0,3,6,4,6,0,36,3
US46067,2,3,9,4,9,0,23,5
US46069,2,3,9,22,9,22,23,0
US46071,3,3,46,23,46,23,4,15
US46073,2,3,9,4,9,0,23,5
US46075,2,3,9,4,9,0,23,5
US46077,2,3,9,4,9,0,23,5
US46079,0,4,6,28,6,28,36,6
US46081,3,4,46,28,46,28,4,6
US46083,0,4,6,28,6,28,36,6
US46085,0,3,6,23,6,23,36,15
US46087,2,3,9,4,9,0,23,5
US46089,2,3,9,4,9,0,23,5
US46091,2,3,9,4,9,0,23,5
US46093,3,4,46,28,46,28,4,6
US46095,2,3,9,4,9,0,23,5
US46097,2,3,9,4,9,0,23,5
US46099,0,4,6,28,6,28,36,6
US46101,2,3,9,4,9,0,23,5
US46103,3,4,46,28,46,28,4,6
US46105,0,3,6,4,6,0,36,3
US46107,2,3,9,4,9,0,23,5
US46109,0,3,6,22,6,22,36,0
US46111,2,3,9,4,9,0,23,5
US46113,3,4,46,28,46,28,4,6
US46115,0,3,6,22,6,22,36,0
US46117,0,3,6,4,6,0,36,3
US46119,2,3,9,4,9,0,23,5
US46121,2,3,9,4,9,0,23,5
US46123,2,3,9,4,9,0,23,5
US46125,2,3,9,4,9,0,23,3
US46127,0,4,13,20,13,4,13,9
US46129,0,3,6,4,6,0,36,3
US46135,2,3,9,40,9,40,23,67
US46137,2,3,9,22,9,22,23,0
US47001,2,7,11,13,2,13,56,74
US47003,2,14,30,15,30,15,6,26
US47005,2,3,30,23,30,23,6,32
US47007,2,14,9,15,9,15,23,26
US47009,2,7,11,13,2,13,56,74
US47011,2,14,11,15,2,15,56,26
US47013,2,7,11,13,2,13,56,74
US47015,2,3,30,23,30,23,6,32
US47017,2,3,30,4,30,0,6,3
US47019,2,7,11,13,2,13,66,45
US47021,2,1,30,6,30,6,6,47
US47023,2,1,30,6,30,6,6,47
US47025,2,3,11,4,2,0,74,3
US47027,2,3,9,22,9,22,23,0
US47029,2,7,11,13,2,13,66,74
US47031,2,14,30,15,30,15,6,26
US47033,2,1,30,6,30,6,6,47
US47035,2,14,30,15,30,15,6,26
US47037,2,1,30,6,30,6,6,47
US47039,2,3,9,4,9,0,23,3
US47041,2,1,30,6,30,6,6,63
US47043,2,3,30,23,30,23,6,32
US47045,2,1,30,6,30,6,6,47
US47047,2,1,30,6,30,6,6,47
US47049,2,3,9,23,9,23,23,32
US47051,2,14,30,15,30,15,6,26
US47053,2,1,30,6,30,6,6,47
US47055,2,14,30,15,30,15,6,26
US47057,2,3,11,23,2,23,66,32
US47059,2,7,11,13,2,13,66,45
US47061,2,3,9,4,9,0,23,5
US47063,2,7,11,13,2,13,66,74
US47065,4,14,5,15,0,15,5,26
US47067,2,1,9,6,9,6,23,63
US47069,2,1,30,6,30,6,6,47
US47071,2,3,9,4,9,0,23,3
US47073,2,7,11,13,2,13,66,45
US47075,2,1,30,6,30,6,6,47
US47077,2,1,30,6,30,6,6,47
US47079,2,3,30,4,30,0,6,3
US47081,2,3,30,23,30,23,6,32
US47083,2,3,9,4,9,0,23,5
US47085,2,3,30,23,30,23,6,32
US47087,2,3,9,4,9,0,23,5
US47089,2,7,11,13,2,13,66,74
US47091,2,7,11,13,2,13,66,45
US47093,2,7,11,13,2,13,56,74
US47095,2,3,30,4,30,0,6,3
US47097,2,1,30,6,30,6,6,47
US47099,2,14,30,15,30,15,6,26
US47101,3,3,46,4,46,0,4,5
US47103,2,14,30,15,30,15,6,26
US47105,2,7,11,13,2,13,56,74
US47107,2,14,11,15,2,15,56,26
US47109,2,1,30,6,30,6,6,47
US47111,2,3,30,22,30,22,6,0
US47113,2,1,30,6,30,6,6,47
US47115,4,14,5,15,0,15,5,26
US47117,2,14,30,15,30,15,6,26
US47119,2,14,30,15,30,15,6,26
US47121,2,14,9,15,9,15,23,26
US47123,2,14,11,15,2,15,56,26
US47125,2,14,30,7,30,7,6,41
US47127,2,14,30,15,30,15,6,26
US47129,2,7,11,13,2,13,56,74
US47131,2,3,30,4,30,0,6,3
US47133,2,14,30,15,30,15,6,26
US47135,2,3,9,4,9,0,23,3
US47137,2,3,9,23,9,23,23,32
US47139,2,14,11,15,2,15,56,26
US47141,2,14,30,15,30,15,6,26
US47143,2,14,9,15,9,15,23,26
US47145,2,7,11,13,2,13,56,74
US47147,2,1,30,6,30,6,6,47
US47149,2,1,30,6,30,6,6,47
US47151,2,7,11,13,2,13,56,74
US47153,2,14,9,15,9,15,23,26
US47155,2,7,11,13,2,13,66,74
US47157,6,1,34,6,34,6,69,47
US47159,2,3,30,22,30,22,6,0
US47161,2,3,9,4,9,0,23,5
US47163,2,7,11,13,2,13,66,45
US47165,2,1,30,6,30,6,6,47
US47167,2,1,30,6,30,6,6,47
US47169,2,3,30,22,30,22,6,0
US47171,2,7,11,13,2,13,66,45
US47173,2,3,11,4,2,0,74,3
US47175,2,3,9,4,9,0,23,5
US47177,2,3,30,23,30,23,6,32
US47179,2,7,11,13,2,13,66,45
US47181,2,3,9,4,9,0,23,3
US47183,2,3,30,4,30,0,6,3
US47185,2,14,30,15,30,15,6,26
US47187,2,1,30,6,30,6,6,47
US47189,2,1,30,6,30,6,6,47
US48001,5,11,8,1,8,49,7,49
US48003,5,11,37,1,37,20,8,61
US48005,5,11,0,1,48,49,48,49
US48007,5,11,0,8,24,8,30,19
US48009,2,11,9,1,9,20,23,10
US48011,2,3,9,23,9,23,23,32
US48013,5,11,0,8,24,8,71,59
US48015,5,11,0,8,48,8,48,19
US48017,5,3,37,18,37,18,8,62
US48019,5,3,0,4,48,0,48,50
US48021,5,11,0,8,48,8,48,19
US48023,2,3,9,4,9,0,23,5
US48025,5,11,0,8,24,8,30,19
US48027,5,11,8,1,8,20,57,61
US48029,5,11,0,8,48,8,48,19
US48031,5,3,0,4,48,0,48,50
US48033,2,3,9,4,9,0,23,5
US48035,5,3,8,18,8,18,57,62
US48037,2,3,9,23,9,23,15,15
US48039,5,11,0,8,48,8,48,19
US48041,5,11,0,8,48,8,48,19
US48043,5,3,37,12,37,12,8,18
US48045,2,3,9,23,9,23,23,32
US48047,5,15,0,32,24,32,30,66
US48049,5,3,8,40,8,40,57,67
US48051,5,3,0,40,48,40,48,67
US48053,5,3,0,4,48,0,48,50
US48055,5,11,0,8,48,8,48,19
US48057,5,11,0,8,24,8,30,19
US48059,5,11,37,1,37,20,8,61
US48061,5,11,0,8,24,8,30,59
US48063,5,11,8,1,8,20,7,10
US48065,7,3,15,4,15,0,0,3
US48067,5,11,8,1,8,20,7,10
US48069,5,11,37,1,37,20,8,61
US48071,5,11,0,1,48,49,48,49
US48073,5,11,8,1,8,49,7,49
US48075,5,11,8,1,8,20,57,10
US48077,5,11,8,1,8,20,57,10
US48079,2,3,9,18,9,18,23,62
US48081,2,3,9,4,9,0,23,5
US48083,2,3,9,4,9,0,23,5
US48085,5,11,8,1,8,20,7,10
US48087,2,3,9,4,9,0,23,3
US48089,5,11,0,8,48,8,48,19
US48091,5,11,0,8,48,8,48,19
US48093,5,3,8,40,8,40,57,67
US48095,2,3,9,18,9,18,23,62
US48097,5,11,8,1,8,20,7,10
US48099,5,11,8,1,8,20,57,61
US48101,2,3,9,18,9,18,23,62
US48103,5,11,37,1,37,20,8,61
US48105,5,3,37,22,37,22,8,0
US48107,2,3,9,18,9,18,23,62
US48109,5,11,37,1,37,20,8,61
US48111,2,3,9,23,9,23,23,15
US48113,5,11,8,1,8,20,7,10
US48115,5,11,37,1,37,20,8,61
US48117,5,3,37,4,37,0,8,3
US48119,2,3,9,22,9,22,23,0
US48121,5,11,8,1,8,20,7,10
US48123,5,3,0,22,24,22,30,0
US48125,2,3,9,4,9,0,23,5
US48127,5,11,0,8,24,8,71,59
US48129,7,3,15,4,15,0,0,3
US48131,5,15,0,32,24,32,30,66
US48133,5,11,37,1,37,20,8,61
US48135,5,11,37,1,37,20,8,61
US48137,2,3,9,4,9,0,23,5
US48139,5,11,8,1,8,49,7,49
US48141,7,2,15,25,15,25,0,25
US48143,5,11,8,1,8,20,57,10
US48145,5,3,8,18,8,18,57,62
US48147,5,3,8,23,8,23,7,15
US48149,5,11,0,8,48,8,48,19
US48151,2,3,9,4,9,0,23,5
US48153,5,11,37,1,37,20,8,61
US48155,2,3,9,22,9,22,23,0
US48157,5,11,0,8,48,8,48,19
US48159,5,3,8,23,8,23,7,15
US48161,5,11,8,1,8,49,7,49
US48163,5,11,0,8,24,8,71,59
US48165,5,3,37,40,37,40,8,71
US48167,5,11,0,8,48,8,48,19
US48169,5,11,37,1,37,20,8,61
US48171,5,3,0,4,48,0,48,50
US48173,2,3,9,18,9,18,23,62
US48175,2,3,9,22,9,22,23,0
US48177,5,11,0,8,24,8,30,19
US48179,5,11,37,1,37,20,8,61
US48181,5,10,8,36,8,36,7,17
US48183,5,11,8,1,8,20,7,10
US48185,5,11,0,8,48,8,48,19
US48187,5,11,0,8,48,8,48,19
US48189,5,11,37,1,37,20,8,61
US48191,2,3,9,23,9,23,23,32
US48193,5,11,8,1,8,20,57,61
US48195,5,3,37,22,37,22,8,0
US48197,5,11,8,1,8,20,57,10
US48199,5,11,0,1,48,49,48,49
US48201,5,11,0,8,48,8,48,19
US48203,5,11,8,1,8,49,7,49
US48205,2,3,9,23,9,23,23,15
US48207,2,3,9,4,9,0,23,5
US48209,5,11,0,8,48,8,48,19
US48211,5,3,37,22,37,22,8,0
US48213,5,11,8,1,8,49,7,49
US48215,5,11,0,8,24,8,30,59
US48217,5,11,8,1,8,20,7,10
US48219,5,11,37,1,37,20,8,61
US48221,5,11,8,1,8,20,57,10
US48223,5,3,8,23,8,23,7,15
US48225,5,3,0,40,48,40,48,67
US48227,5,11,37,1,37,20,8,61
US48229,5,11,37,1,37,20,8,61
US48231,5,11,8,1,8,20,7,10
US48233,5,11,37,1,37,20,8,61
US48235,2,3,9,4,9,0,23,3
US48237,5,11,8,1,8,20,57,10
US48239,5,11,0,8,24,8,30,19
US48241,5,11,0,1,48,49,48,49
US48243,5,3,37,12,37,12,8,18
US48245,5,11,0,1,48,49,48,49
US48247,5,15,0,32,24,32,30,66
US48249,5,15,0,32,24,32,30,66
US48251,5,11,8,1,8,20,7,10
US48253,2,3,9,4,9,0,23,5
US48255,5,11,0,8,24,8,30,19
US48257,5,11,8,1,8,49,7,49
US48259,5,3,0,4,48,0,48,50
US48261,2,3,9,18,9,18,23,62
US48263,2,3,9,22,9,22,23,0
US48265,5,3,0,4,48,0,48,50
US48267,5,3,37,22,37,22,8,0
US48269,2,3,9,18,9,18,23,62
US48271,5,11,0,8,24,8,71,59
US48273,5,15,0,32,24,32,30,66
US48275,2,3,9,4,9,0,23,5
US48277,5,3,8,23,8,23,7,15
US48279,5,3,37,18,37,18,8,62
US48281,5,11,8,1,8,20,57,61
US48283,5,11,0,8,24,8,71,59
US48285,5,3,0,22,24,22,30,0
US48287,5,11,0,8,48,8,48,19
US48289,2,11,9,1,9,49,23,49
US48291,5,3,0,40,48,40,48,67
US48293,5,11,8,1,8,49,7,49
US48295,9,3,32,4,32,0,1,3
US48297,5,15,0,32,24,32,30,66
US48299,5,3,0,4,48,0,48,50
US48301,5,11,37,1,37,20,8,61
US48303,5,11,37,1,37,20,8,61
US48305,5,11,37,1,37,20,8,61
US48307,5,11,37,1,37,20,8,61
US48309,5,11,8,1,8,20,7,10
US48311,2,3,9,4,9,0,23,3
US48313,5,11,8,1,8,49,7,49
US48315,2,3,9,4,9,0,23,3
US48317,5,11,37,1,37,20,8,61
US48319,2,3,9,4,9,0,23,3
US48321,5,11,0,8,24,8,30,19
US48323,5,11,0,8,24,8,71,59
US48325,5,11,0,8,24,8,71,59
US48327,7,1,36,6,36,6,73,63
US48329,5,11,37,1,37,20,8,61
US48331,5,3,0,40,48,40,48,67
US48333,2,3,9,40,9,40,23,67
US48335,5,11,37,1,37,20,8,61
US48337,5,11,8,1,8,20,57,10
US48339,5,11,0,1,48,49,48,49
US48341,5,11,37,1,37,20,8,61
US48343,5,11,8,1,8,20,7,10
US48345,2,3,9,18,9,18,23,62
US48347,5,11,0,1,48,49,48,49
US48349,5,11,8,1,8,49,7,49
US48351,2,3,9,18,9,18,23,62
US48353,5,11,37,1,37,20,8,61
US48355,5,11,0,8,24,8,30,19
US48357,5,3,37,22,37,22,8,0
US48359,7,3,15,4,15,0,0,3
US48361,5,11,0,1,48,49,48,49
US48363,5,11,8,1,8,20,57,10
US48365,5,11,8,1,8,49,7,49
US48367,5,11,8,1,8,20,57,10
US48369,5,3,37,4,37,0,8,3
US48371,5,3,37,22,37,22,8,0
US48373,5,3,0,40,48,40,48,67
US48375,5,11,37,1,37,20,8,61
US48377,5,3,37,12,37,12,8,18
US48379,2,3,9,23,9,23,23,15
US48381,5,11,37,1,37,20,8,61
US48383,2,3,9,4,9,0,23,3
US48385,2,3,9,4,9,0,23,50
US48387,5,3,8,23,8,23,7,15
US48389,5,11,37,1,37,20,8,61
US48391,5,11,0,8,24,8,30,19
US48393,2,3,9,4,9,0,15,3
US48395,5,3,0,40,48,40,48,67
US48397,5,11,8,1,8,20,7,10
US48399,5,11,37,1,37,20,8,61
US48401,5,11,8,1,8,49,7,49
US48403,2,3,9,18,9,18,23,62
US48405,2,3,39,18,39,18,39,62
US48407,2,3,9,40,9,40,23,67
US48409,5,11,0,8,24,8,30,19
US48411,2,3,9,4,9,0,23,5
US48413,2,3,9,4,9,0,23,3
US48415,5,11,37,1,37,20,8,61
US48417,2,11,9,1,9,20,23,61
US48419,2,11,39,1,39,49,39,49
US48421,2,3,9,4,9,0,23,5
US48423,5,11,8,1,8,49,7,49
US48425,5,3,8,18,8,18,57,62
US48427,5,11,0,8,24,8,30,59
US48429,8,3,28,23,28,23,28,32
US48431,2,3,9,4,9,0,23,3
US48433,2,3,9,18,9,18,23,62
US48435,5,3,37,22,37,22,8,0
US48437,5,11,37,1,37,20,8,61
US48439,5,11,8,1,8,20,7,10
US48441,5,11,37,1,37,20,8,61
US48443,2,3,9,18,9,18,23,62
US48445,5,11,37,1,37,20,8,61
US48447,8,3,28,23,28,23,28,32
US48449,5,11,8,1,8,20,7,10
US48451,5,11,37,1,37,20,8,61
US48453,5,11,0,8,48,8,48,19
US48455,5,3,0,40,48,40,48,67
US48457,5,11,0,1,48,49,48,49
US48459,5,11,8,1,8,20,7,10
US48461,2,3,9,4,9,0,23,3
US48463,5,11,0,8,24,8,71,59
US48465,5,11,0,8,24,8,71,59
US48467,5,11,8,1,8,49,7,49
US48469,5,11,0,8,24,8,30,19
US48471,5,11,0,1,48,49,48,49
US48473,5,11,0,8,48,8,48,19
US48475,5,11,37,1,37,20,8,61
US48477,5,11,0,8,48,8,48,19
US48479,5,11,0,8,24,8,30,59
US48481,5,11,0,8,24,8,30,19
US48483,7,3,15,23,15,23,0,15
US48485,5,11,8,1,8,20,57,10
US48487,5,11,8,1,8,20,57,10
US48489,5,11,0,8,24,8,30,59
US48491,5,11,0,8,48,8,48,19
US48493,5,11,0,8,24,8,30,19
US48495,5,11,37,1,37,20,8,61
US48497,5,11,8,1,8,20,57,10
US48499,5,3,8,23,8,23,7,15
US48501,5,3,37,40,37,40,8,71
US48503,5,11,8,1,8,20,57,10
US48505,5,11,0,8,24,8,30,59
US48507,5,11,0,8,24,8,71,59
US49001,3,13,23,5,23,5,72,68
US49003,3,13,23,5,23,5,72,55
US49005,3,13,23,5,23,5,72,55
US49007,3,13,23,5,23,5,72,55
US49009,2,3,9,22,9,22,23,0
US49011,3,13,23,5,23,5,72,55
US49013,3,13,23,5,23,5,72,55
US49015,3,13,23,5,23,5,72,68
US49017,3,13,23,5,23,5,72,55
US49019,3,13,23,5,23,5,72,55
US49021,3,13,23,5,23,5,72,68
US49023,3,13,23,5,23,5,72,68
US49025,3,13,23,5,23,5,72,55
US49027,3,13,23,5,23,5,72,68
US49029,3,3,23,22,23,22,72,0
US49031,3,13,23,5,23,5,72,68
US49033,2,3,9,4,9,0,23,5
US49035,3,13,23,5,23,5,72,55
US49037,3,13,23,5,23,5,72,55
US49039,3,13,23,5,23,5,72,55
US49041,3,13,23,5,23,5,72,68
US49043,3,13,23,5,23,5,72,55
US49045,3,13,23,5,23,5,72,55
US49047,3,13,23,5,23,5,72,55
US49049,3,13,23,5,23,5,72,55
US49051,3,13,23,5,23,5,72,55
US49053,3,13,23,5,23,5,72,68
US49055,3,13,23,5,23,5,72,55
US49057,3,13,23,5,23,5,72,55
US50001,1,19,22,45,22,45,47,22
US50003,1,19,22,45,22,45,47,22
US50005,1,19,22,45,22,45,47,22
US50007,1,19,22,45,22,45,47,22
US50009,0,3,6,4,6,0,36,3
US50011,1,19,22,45,22,45,47,22
US50013,1,19,22,45,22,45,47,22
US50015,1,19,22,45,22,45,47,22
US50017,1,19,22,45,22,45,47,22
US50019,1,19,22,45,22,45,47,22
US50021,1,19,22,45,22,45,47,22
US50023,1,19,22,45,22,45,47,22
US50025,1,19,22,42,22,42,47,42
US50027,1,19,22,42,22,42,47,42
US51001,2,9,9,47,9,47,23,34
US51003,15,9,38,47,38,47,18,7
US51005,15,3,38,4,38,0,18,5
US51007,2,3,9,4,9,0,23,3
US51009,15,9,38,47,38,47,18,34
US51011,2,9,9,47,9,47,23,34
US51013,15,9,12,47,5,47,59,7
US51015,15,9,38,47,38,47,18,34
US51017,15,3,38,4,38,0,18,5
US51019,15,7,38,2,38,2,18,60
US51021,2,3,9,4,9,0,23,3
US51023,15,7,38,2,38,2,18,60
US51025,2,3,9,4,9,0,23,3
US51027,2,3,11,22,2,22,66,0
US51029,2,9,9,47,9,47,23,34
US51031,15,7,38,2,38,2,18,60
US51033,15,3,38,4,38,0,18,3
US51035,2,3,9,4,9,0,23,3
US51036,15,3,38,40,38,40,18,67
US51037,2,3,9,18,9,18,23,62
US51041,15,9,38,47,38,47,18,7
US51043,15,9,12,47,5,47,45,7
US51045,2,3,9,4,9,0,23,3
US51047,15,9,38,47,38,47,18,7
US51049,2,3,9,4,9,0,23,3
US51051,2,3,11,22,2,22,66,0
US51053,4,3,5,40,0,40,5,67
US51057,2,3,9,40,9,40,23,67
US51059,15,9,12,47,5,47,59,7
US51061,15,9,38,47,38,47,18,7
US51063,2,3,9,4,9,0,23,3
US51065,15,9,38,47,38,47,18,7
US51067,15,7,38,2,38,2,18,60
US51069,15,9,12,47,5,47,45,7
US51071,2,3,9,22,9,22,23,0
US51073,15,3,38,22,38,22,18,0
US51075,15,9,38,47,38,47,18,7
US51077,2,7,9,13,9,13,23,45
US51079,15,9,38,47,38,47,18,7
US51081,2,3,9,4,9,0,23,3
US51083,2,3,3,4,3,0,52,5
US51085,15,9,38,47,38,47,18,7
US51087,15,9,38,47,38,47,18,7
US51089,2,7,3,2,3,2,46,60
US51091,2,3,9,40,9,40,23,67
US51093,2,3,9,4,9,0,23,5
US51095,15,9,38,47,38,47,18,34
US51097,15,3,38,40,38,40,18,67
US51099,15,9,38,47,38,47,18,7
US51101,15,3,38,40,38,40,18,67
US51103,2,15,9,32,9,32,23,66
US51105,2,3,11,4,2,0,74,3
US51107,15,9,12,47,5,47,59,7
US51109,15,9,38,47,38,47,18,7
US51111,2,3,9,18,9,18,23,62
US51113,2,3,9,4,9,0,23,5
US51115,15,3,38,22,38,22,18,0
US51117,2,3,9,4,9,0,23,3
US51119,15,3,38,22,38,22,18,0
US51121,15,9,38,47,38,47,18,34
US51125,15,9,38,47,38,47,18,34
US51127,15,3,38,40,38,40,18,67
US51131,2,9,9,47,9,47,23,34
US51133,2,15,9,32,9,32,23,66
US51135,2,3,9,4,9,0,23,3
US51137,15,9,38,47,38,47,18,7
US51139,2,3,9,4,9,0,23,5
US51141,2,3,9,4,9,0,23,3
US51143,2,3,3,4,3,0,46,50
US51145,15,9,38,47,38,47,18,7
US51147,2,3,9,4,9,0,23,3
US51149,15,9,38,47,38,47,18,34
US51153,15,9,38,47,38,47,18,7
US51155,15,9,38,47,38,47,18,34
US51157,2,3,9,4,9,0,23,5
US51159,2,3,9,40,9,40,23,67
US51161,15,7,38,2,38,2,18,60
US51163,15,9,38,47,38,47,18,34
US51165,15,9,38,47,38,47,18,34
US51167,2,3,11,22,2,22,66,0
US51169,2,3,11,22,2,22,66,0
US51171,15,9,12,47,5,47,45,7
US51173,2,9,11,47,2,47,66,34
US51175,2,3,9,4,9,0,23,5
US51177,15,9,38,47,38,47,18,7
US51179,15,9,38,47,38,47,18,7
US51181,2,3,9,4,9,0,23,5
US51183,2,3,9,4,9,0,23,3
US51185,2,3,11,22,2,22,66,0
US51187,15,9,12,47,5,47,45,7
US51191,2,7,11,13,2,13,66,45
US51193,2,15,9,32,9,32,23,66
US51195,2,3,11,22,2,22,66,0
US51197,2,9,11,47,2,47,66,34
US51199,15,9,38,47,38,47,18,34
US51510,15,9,12,47,5,47,59,7
US51515,15,7,38,2,38,2,18,60
US51520,2,7,11,13,2,13,66,45
US51530,15,9,38,47,38,47,18,34
US51540,15,9,38,47,38,47,18,7
US51550,15,9,38,47,38,47,18,34
US51570,15,9,38,47,38,47,18,34
US51580,15,3,38,4,38,0,18,5
US51590,2,3,3,4,3,0,46,50
US51595,2,3,9,4,9,0,23,3
US51600,15,9,12,47,5,47,59,7
US51610,15,9,12,47,5,47,59,7
US51620,2,3,9,4,9,0,23,5
US51630,15,9,38,47,38,47,18,7
US51640,2,3,9,4,9,0,23,3
US51650,15,9,38,47,38,47,18,34
US51660,15,9,38,47,38,47,18,34
US51670,15,9,38,47,38,47,18,34
US51678,15,9,38,47,38,47,18,34
US51680,15,7,38,2,38,2,18,60
US51683,15,9,38,47,38,47,18,7
US51685,15,9,38,47,38,47,18,7
US51690,2,7,3,2,3,2,46,60
US51700,15,9,38,47,38,47,18,34
US51710,15,9,38,47,38,47,18,34
US51720,2,3,11,22,2,22,66,0
US51730,15,9,38,47,38,47,18,34
US51735,15,9,38,47,38,47,18,34
US51740,15,9,38,47,38,47,18,34
US51750,15,9,38,47,38,47,18,34
US51760,15,9,38,47,38,47,18,7
US51770,15,7,38,2,38,2,18,60
US51775,15,7,38,2,38,2,18,60
US51790,15,9,38,47,38,47,18,34
US51800,15,9,38,47,38,47,18,34
US51810,15,9,38,47,38,47,18,34
US51820,15,9,38,47,38,47,18,34
US51830,15,9,38,47,38,47,18,34
US51840,15,9,12,47,5,47,45,7
US53001,3,17,26,35,12,35,12,35
US53003,3,3,26,23,12,23,12,32
US53005,3,17,26,35,12,35,12,35
US53007,3,17,26,35,12,35,12,35
US53009,3,17,26,35,12,35,12,35
US53011,3,17,26,35,12,35,12,35
US53013,3,17,26,35,12,35,12,35
US53015,3,17,26,35,12,35,12,35
US53017,3,17,26,35,12,35,12,35
US53019,2,3,9,4,9,0,23,3
US53021,3,17,26,35,12,35,12,35
US53023,2,3,9,4,9,0,23,3
US53025,3,17,26,35,12,35,12,35
US53027,3,17,26,35,12,35,12,35
US53029,3,17,26,35,12,35,12,35
US53031,3,17,26,35,12,35,12,35
US53033,3,17,26,35,12,35,12,35
US53035,3,17,26,35,12,35,12,35
US53037,3,17,26,35,12,35,12,35
US53039,3,17,26,35,12,35,12,35
US53041,3,17,26,35,12,35,12,35
US53043,3,3,26,4,12,0,12,5
US53045,3,17,26,35,12,35,12,35
US53047,3,17,26,35,12,35,12,35
US53049,3,17,26,35,12,35,12,35
US53051,3,17,26,35,12,35,12,35
US53053,3,17,26,35,12,35,12,35
US53055,3,17,26,35,12,35,12,35
US53057,3,17,26,35,12,35,12,35
US53059,3,17,26,35,12,35,12,35
US53061,3,17,26,35,12,35,12,35
US53063,3,17,26,35,12,35,12,35
US53065,3,3,26,4,12,0,12,5
US53067,3,17,26,35,12,35,12,35
US53069,2,3,9,22,9,22,23,0
US53071,3,17,26,35,12,35,12,35
US53073,3,17,26,35,12,35,12,35
US53075,3,17,26,35,12,35,12,35
US53077,3,17,26,35,12,35,12,35
US54001,2,6,14,30,14,30,2,30
US54003,15,9,12,47,5,47,45,7
US54005,2,3,14,4,14,0,2,3
US54007,2,3,9,4,9,0,23,3
US54009,13,0,47,41,47,41,11,20
US54011,2,6,14,30,14,30,2,30
US54013,2,3,9,4,9,0,55,5
US54015,2,3,9,4,9,0,23,3
US54017,2,3,9,12,9,12,55,18
US54019,2,6,14,0,14,9,2,37
US54021,2,3,9,4,9,0,23,3
US54023,15,6,12,30,5,30,45,30
US54025,2,3,14,4,14,0,2,5
US54027,15,6,12,30,5,30,45,30
US54029,13,0,47,41,47,41,11,20
US54031,15,6,12,30,5,30,45,30
US54033,2,6,14,30,14,30,2,30
US54035,2,3,9,4,9,0,55,5
US54037,15,9,12,47,5,47,45,7
US54039,2,6,14,30,14,30,2,30
US54041,2,6,14,30,14,30,2,30
US54043,2,3,14,4,14,0,2,3
US54045,2,3,14,4,14,0,2,3
US54047,2,3,14,22,14,22,2,0
US54049,2,6,14,30,14,30,2,30
US54051,13,0,47,41,47,41,11,20
US54053,13,3,24,4,11,0,20,5
US54055,2,3,14,22,14,22,2,0
US54057,15,6,12,30,5,30,45,30
US54059,2,3,14,4,14,0,2,3
US54061,2,6,14,30,14,30,2,30
US54063,2,3,9,22,9,22,23,0
US54065,15,6,12,30,5,30,45,30
US54067,2,6,14,0,14,9,2,37
US54069,13,0,47,41,47,41,11,20
US54071,2,3,14,4,14,0,2,5
US54073,2,3,9,12,9,12,55,18
US54075,2,3,14,4,14,0,2,5
US54077,2,6,14,30,14,30,2,30
US54079,2,6,14,30,14,30,2,30
US54081,2,6,14,0,14,9,2,37
US54083,2,6,14,30,14,30,2,30
US54085,2,3,9,4,9,0,55,5
US54087,2,3,9,4,9,0,55,5
US54089,2,3,14,22,14,22,2,0
US54091,2,6,14,30,14,30,2,30
US54093,2,3,14,4,14,0,2,5
US54095,2,3,9,12,9,12,55,18
US54097,2,6,14,30,14,30,2,30
US54099,2,6,14,30,14,30,2,30
US54101,2,3,9,4,9,0,23,3
US54103,2,3,9,12,9,12,55,18
US54105,2,3,14,4,14,0,2,3
US54107,2,3,9,12,9,12,55,18
US54109,2,3,14,4,14,0,2,3
US55001,10,1,27,29,27,29,27,29
US55003,0,3,45,4,45,0,22,3
US55005,0,3,45,12,45,12,22,18
US55007,0,3,45,12,45,12,22,18
US55009,10,1,27,29,27,29,27,29
US55011,2,3,9,22,9,22,23,0
US55013,0,3,45,12,45,12,22,18
US55015,10,1,27,29,27,29,27,29
US55017,10,1,27,29,27,29,27,29
US55019,10,1,27,29,27,29,27,29
US55021,10,1,27,29,27,29,27,29
US55023,10,3,27,18,27,18,27,23
US55025,10,1,27,29,27,29,27,29
US55027,10,1,27,29,27,29,27,29
US55029,10,1,27,29,27,29,27,29
US55031,0,4,45,28,45,28,22,6
US55033,10,1,27,29,27,29,27,29
US55035,10,1,27,29,27,29,27,29
US55037,2,3,9,4,9,0,23,3
US55039,10,1,27,29,27,29,27,29
US55041,2,3,9,4,9,0,23,5
US55043,10,3,27,18,27,18,27,23
US55045,10,1,19,29,19,29,64,29
US55047,2,3,9,4,9,0,55,5
US55049,10,3,27,4,27,0,27,5
US55051,2,3,9,4,9,0,70,3
US55053,10,1,27,29,27,29,27,29
US55055,10,1,27,29,27,29,27,29
US55057,10,1,27,29,27,29,27,29
US55059,10,1,27,29,27,29,27,29
US55061,10,1,27,29,27,29,27,29
US55063,0,4,45,20,45,4,22,9
US55065,10,3,27,4,27,0,27,5
US55067,10,3,27,4,27,0,27,5
US55069,10,1,27,29,27,29,27,29
US55071,10,1,27,29,27,29,27,29
US55073,10,1,27,29,27,29,27,29
US55075,10,3,27,4,27,0,27,3
US55077,2,3,9,4,9,0,55,5
US55078,2,3,9,4,9,0,23,5
US55079,10,1,27,29,27,29,27,29
US55081,10,1,27,29,27,29,27,29
US55083,10,1,27,29,27,29,27,29
US55085,2,3,9,4,9,0,70,3
US55087,10,1,27,29,27,29,27,29
US55089,10,1,27,29,27,29,27,29
US55091,2,3,9,22,9,22,23,0
US55093,0,3,45,12,45,12,22,18
US55095,0,3,45,12,45,12,22,18
US55097,10,1,27,29,27,29,27,29
US55099,2,3,9,4,9,0,70,3
US55101,10,1,27,29,27,29,27,29
US55103,10,3,27,18,27,18,27,23
US55105,10,1,27,29,27,29,27,29
US55107,0,3,45,4,45,0,22,3
US55109,0,3,45,12,45,12,22,18
US55111,10,1,27,29,27,29,27,29
US55113,0,3,45,12,45,12,22,18
US55115,10,1,27,29,27,29,27,29
US55117,10,1,27,29,27,29,27,29
US55119,10,3,27,4,27,0,27,5
US55121,2,3,9,22,9,22,23,0
US55123,10,3,27,18,27,18,27,23
US55125,2,3,9,4,9,0,70,3
US55127,10,1,27,29,27,29,27,29
US55129,0,3,45,12,45,12,22,18
US55131,10,1,27,29,27,29,27,29
US55133,10,1,27,29,27,29,27,29
US55135,10,1,27,29,27,29,27,29
US55137,2,3,9,4,9,0,55,5
US55139,10,1,27,29,27,29,27,29
US55141,10,1,27,29,27,29,27,29
US56001,3,13,46,5,46,5,4,68
US56003,3,13,46,5,46,5,4,68
US56005,3,13,46,5,46,5,4,68
US56007,3,3,46,23,46,23,4,15
US56009,3,13,46,5,46,5,4,68
US56011,3,3,46,23,46,23,4,15
US56013,3,13,46,5,46,5,4,68
US56015,0,15,13,32,13,32,13,66
US56017,3,13,46,5,46,5,4,68
US56019,3,13,46,5,46,5,4,68
US56021,3,13,46,5,46,5,4,68
US56023,2,3,9,4,9,0,23,5
US56025,3,13,46,5,46,5,4,68
US56027,2,3,9,4,9,0,23,5
US56029,3,13,46,5,46,5,4,68
US56031,2,13,9,5,9,5,23,68
US56033,3,13,46,5,46,5,4,68
US56035,2,3,9,4,9,0,23,5
US56037,3,3,46,23,46,23,4,15
US56039,3,13,46,5,46,5,4,68
US56041,3,3,46,23,46,23,4,15
US56043,3,13,46,5,46,5,4,68
US56045,2,3,9,4,9,0,23,3
