<?xml version="1.0" encoding="UTF-8"?>
<metadata xml:lang="en"><Esri><CreaDate>20210116</CreaDate><CreaTime>13443300</CreaTime><ArcGISFormat>1.0</ArcGISFormat><SyncOnce>TRUE</SyncOnce><DataProperties><lineage><Process ToolSource="d:\program files\arcgis\pro\Resources\ArcToolbox\toolboxes\Conversion Tools.tbx\FeatureClassToFeatureClass" Date="20210116" Time="134433">FeatureClassToFeatureClass counties K:\Research\place_conn agglomerative_all.shp # "GEO_ID "GEO_ID" true true false 254 Text 0 0,First,#,counties,counties.GEO_ID,0,254;STATE "STATE" true true false 254 Text 0 0,First,#,counties,counties.STATE,0,254;COUNTY "COUNTY" true true false 254 Text 0 0,First,#,counties,counties.COUNTY,0,254;NAME "NAME" true true false 254 Text 0 0,First,#,counties,counties.NAME,0,254;LSAD "LSAD" true true false 254 Text 0 0,First,#,counties,counties.LSAD,0,254;CENSUSAREA "CENSUSAREA" true true false 19 Double 0 0,First,#,counties,counties.CENSUSAREA,-1,-1;FIPS "FIPS" true true false 254 Text 0 0,First,#,counties,counties.FIPS,0,254;fips_1 "fips" true true false 8000 Text 0 0,First,#,counties,agglomerative_all.csv.fips,0,8000;average_20 "average_20" true true false 4 Long 0 0,First,#,counties,agglomerative_all.csv.average_20,-1,-1;complete_2 "complete_20" true true false 4 Long 0 0,First,#,counties,agglomerative_all.csv.complete_20,-1,-1;average_48 "average_48" true true false 4 Long 0 0,First,#,counties,agglomerative_all.csv.average_48,-1,-1;complete_4 "complete_48" true true false 4 Long 0 0,First,#,counties,agglomerative_all.csv.complete_48,-1,-1;average_50 "average_50" true true false 4 Long 0 0,First,#,counties,agglomerative_all.csv.average_50,-1,-1;complete_5 "complete_50" true true false 4 Long 0 0,First,#,counties,agglomerative_all.csv.complete_50,-1,-1;average_75 "average_75" true true false 4 Long 0 0,First,#,counties,agglomerative_all.csv.average_75,-1,-1;complete_7 "complete_75" true true false 4 Long 0 0,First,#,counties,agglomerative_all.csv.complete_75,-1,-1" #</Process></lineage></DataProperties></Esri></metadata>
